AÑO,MES,implementado,consulta externa,cred,discapacidad,inmunizacion,programacion,refcon,ventanilla unica,wawared,DIRESA
2018,8,0,0,0,36,113,0,226,0,22,PUNO
2019,7,7,2,8,28,19,7,132,7,12,LIMA
2021,4,22,24,28,167,51,23,214,25,31,CAJAMARCA
2020,2,10,1,10,7,15,10,45,10,44,CALLAO
2021,1,53,54,145,196,425,65,82,60,68,PIURA
2020,1,9,7,27,41,29,9,146,9,18,LIMA
2019,4,0,0,1,4,8,0,2,0,41,CALLAO
2018,7,0,0,0,77,375,0,0,0,6,PIURA
2020,8,47,48,50,27,54,55,50,49,64,LIMA CENTRO
2020,9,37,34,58,186,123,38,394,37,38,ANCASH
2019,4,2,0,9,80,146,12,165,3,61,APURIMAC
2020,1,14,17,23,34,27,24,15,19,19,LORETO
2019,2,0,2,2,21,45,3,9,2,14,LA LIBERTAD
2019,5,76,10,12,19,86,91,89,86,95,LIMA NORTE
2020,4,41,41,45,95,46,42,246,42,100,HUANUCO
2021,2,48,48,50,29,54,55,55,49,64,LIMA CENTRO
2020,6,67,63,111,29,186,79,255,71,111,AREQUIPA
2019,11,17,7,20,138,44,17,46,19,28,CAJAMARCA
2019,3,0,0,1,8,8,0,0,0,4,TUMBES
2018,2,0,0,1,18,114,0,0,0,0,PASCO
2018,9,0,0,0,102,56,0,376,0,2,ANCASH
2021,5,37,34,65,201,124,39,394,37,42,ANCASH
2021,9,57,55,163,211,425,68,94,64,72,PIURA
2020,10,10,2,10,10,16,10,46,10,44,CALLAO
2020,3,22,24,27,151,46,23,95,25,30,CAJAMARCA
2021,9,39,35,82,130,295,46,425,40,122,PUNO
2019,8,37,5,37,33,51,37,194,37,41,LA LIBERTAD
2021,7,5,5,5,13,12,6,71,5,5,MADRE DE DIOS
2018,2,0,0,0,42,52,0,322,0,0,ANCASH
2018,4,0,0,0,35,6,0,26,0,0,SAN MARTIN
2019,7,20,3,22,97,272,23,328,20,64,PUNO
2020,9,41,41,46,100,46,42,246,42,102,HUANUCO
2020,6,28,28,30,75,42,31,78,31,27,SAN MARTIN
2019,9,20,5,23,93,223,20,322,20,85,APURIMAC
2020,12,14,17,32,43,32,26,15,20,22,LORETO
2018,2,0,0,0,24,10,0,0,0,10,AMAZONAS
2020,7,10,10,12,6,15,11,26,10,12,TACNA
2019,8,7,12,11,20,45,47,7,41,64,LIMA CENTRO
2021,6,10,3,10,11,16,10,46,10,44,CALLAO
2018,3,0,0,0,11,15,0,110,0,10,LIMA
2020,5,53,53,121,191,425,61,80,59,64,PIURA
2020,12,29,27,100,33,252,32,147,29,80,PASCO
2021,12,31,28,32,94,45,33,85,33,27,SAN MARTIN
2019,1,26,19,10,21,66,49,109,26,114,LIMA SUR
2020,3,27,27,92,28,252,29,138,27,64,PASCO
2021,2,7,8,13,18,13,40,7,10,8,TUMBES
2021,8,37,34,65,207,124,39,396,37,42,ANCASH
2019,11,22,22,29,28,252,22,132,22,60,PASCO
2020,9,77,62,75,32,101,90,129,78,117,LIMA SUR
2018,10,0,0,0,8,5,0,0,0,0,TUMBES
2018,2,0,0,0,4,4,0,65,0,0,MADRE DE DIOS
2021,11,10,10,12,8,16,15,35,11,12,TACNA
2020,10,99,79,87,33,94,105,104,105,97,LIMA NORTE
2019,8,24,4,25,100,273,25,340,24,69,PUNO
2018,12,0,0,0,4,7,0,0,0,40,CALLAO
2019,3,3,2,3,52,9,8,26,8,1,SAN MARTIN
2021,9,12,12,28,67,31,23,162,14,21,LIMA
2020,2,45,43,98,20,126,47,77,46,75,ICA
2020,2,35,36,36,30,52,38,113,37,267,JUNIN
2018,11,0,1,1,22,41,8,0,5,1,AYACUCHO
2021,6,29,28,32,85,45,33,80,33,27,SAN MARTIN
2020,8,53,53,126,193,425,61,80,59,65,PIURA
2021,11,10,3,10,23,17,10,46,10,44,CALLAO
2019,6,11,6,7,64,19,15,43,15,4,SAN MARTIN
2018,6,0,0,0,85,55,0,368,0,1,ANCASH
2018,4,0,0,0,29,102,0,216,0,7,PUNO
2018,2,0,0,0,14,13,0,0,0,0,UCAYALI
2018,9,4,1,0,14,119,5,228,4,21,AREQUIPA
2019,5,3,4,3,110,41,13,3,10,24,CAJAMARCA
2018,10,1,2,2,93,33,1,1,3,15,CAJAMARCA
2021,1,37,34,64,198,123,38,394,37,40,ANCASH
2019,9,13,9,10,68,24,15,57,15,5,SAN MARTIN
2021,6,10,10,12,7,16,15,29,11,12,TACNA
2020,6,37,34,56,186,119,38,394,37,38,ANCASH
2019,10,29,12,33,177,94,31,388,29,32,ANCASH
2018,12,5,10,6,15,38,45,5,36,63,LIMA CENTRO
2020,10,47,46,110,20,133,52,82,50,78,ICA
2018,3,0,0,0,16,34,0,0,0,0,AYACUCHO
2020,10,47,52,48,31,64,58,173,56,295,JUNIN
2018,11,0,0,0,34,15,0,0,0,12,AMAZONAS
2018,4,0,0,0,64,19,0,0,0,7,CUSCO
2019,12,24,24,23,72,35,28,66,26,23,SAN MARTIN
2020,5,14,17,28,34,29,26,15,20,20,LORETO
2018,11,0,0,0,57,19,0,1,0,0,HUANCAVELICA
2020,9,29,27,34,65,129,33,162,29,32,LAMBAYEQUE
2019,3,0,1,2,98,26,0,10,1,12,CUSCO
2018,7,0,0,0,61,111,0,104,0,23,APURIMAC
2019,12,24,24,25,50,24,24,30,24,27,AMAZONAS
2021,7,41,41,49,108,48,42,269,42,103,HUANUCO
2018,6,0,2,2,89,28,1,0,3,14,CAJAMARCA
2021,2,14,17,32,43,32,26,15,20,22,LORETO
2019,3,1,1,1,22,18,1,123,1,12,LIMA
2020,6,10,2,10,8,15,10,46,10,44,CALLAO
2021,5,56,54,153,199,425,68,85,61,70,PIURA
2018,8,0,0,1,3,8,0,12,0,3,TACNA
2021,6,47,46,114,25,135,52,93,52,80,ICA
2019,6,3,1,3,4,6,3,69,3,2,MADRE DE DIOS
2021,9,53,43,73,102,78,53,278,53,55,LA LIBERTAD
2021,6,48,52,49,37,64,59,205,56,298,JUNIN
2019,7,17,4,24,43,23,23,21,21,20,AMAZONAS
2019,8,17,21,19,139,27,22,28,23,17,CUSCO
2021,9,14,17,32,47,32,26,19,20,23,LORETO
2021,12,41,42,50,112,48,43,276,43,103,HUANUCO
2018,12,0,0,0,69,124,0,133,0,41,APURIMAC
2018,12,1,1,3,22,139,3,1,3,22,PASCO
2021,10,31,28,32,91,45,33,84,33,27,SAN MARTIN
2019,7,24,10,21,159,92,27,385,24,23,ANCASH
2019,7,6,11,11,20,44,47,6,39,64,LIMA CENTRO
2021,12,53,43,73,111,78,53,278,53,56,LA LIBERTAD
2020,8,14,13,12,38,22,17,25,16,14,UCAYALI
2019,3,0,0,0,4,4,0,69,0,2,MADRE DE DIOS
2020,5,13,14,25,9,43,14,25,15,22,MOQUEGUA
2021,11,102,81,87,42,94,108,107,106,98,LIMA NORTE
2020,3,67,63,111,29,185,77,255,71,108,AREQUIPA
2020,5,70,47,46,7,67,78,77,76,72,LIMA ESTE
2019,4,5,4,5,4,11,6,16,5,6,TACNA
2019,12,24,24,28,64,92,25,152,24,30,LAMBAYEQUE
2021,7,39,35,82,126,295,45,420,39,121,PUNO
2018,2,0,0,0,31,6,0,22,0,0,SAN MARTIN
2021,5,47,46,113,25,135,52,92,52,80,ICA
2019,12,36,30,46,40,64,41,53,37,40,AYACUCHO
2020,12,22,24,28,159,49,23,135,25,30,CAJAMARCA
2021,5,48,52,49,36,64,59,202,56,298,JUNIN
2018,1,0,0,0,7,3,0,0,0,0,TUMBES
2020,2,65,55,67,31,94,74,125,66,116,LIMA SUR
2020,4,48,45,54,40,74,52,71,48,50,AYACUCHO
2021,4,41,41,48,103,48,42,264,42,103,HUANUCO
2021,1,14,17,32,43,32,26,15,20,22,LORETO
2019,4,76,10,9,16,86,89,89,85,95,LIMA NORTE
2018,4,0,0,0,57,103,0,103,0,18,APURIMAC
2021,12,5,5,5,13,12,6,71,5,5,MADRE DE DIOS
2019,3,0,2,3,21,45,3,45,2,20,LA LIBERTAD
2019,9,26,5,69,27,177,32,249,26,91,AREQUIPA
2019,2,0,0,0,19,16,0,0,0,1,UCAYALI
2019,4,1,4,2,106,37,4,1,5,24,CAJAMARCA
2020,11,38,34,80,117,294,45,402,39,121,PUNO
2021,6,72,48,46,9,73,81,80,80,73,LIMA ESTE
2020,9,47,46,109,20,132,52,81,48,77,ICA
2020,9,47,52,48,31,64,57,168,56,293,JUNIN
2020,5,14,13,12,38,22,17,25,16,13,UCAYALI
2020,8,13,14,28,9,50,14,25,15,22,MOQUEGUA
2018,8,0,0,0,47,8,0,26,0,0,SAN MARTIN
2019,9,7,5,10,6,13,8,23,7,11,TACNA
2021,5,10,10,12,7,16,15,29,11,12,TACNA
2021,7,29,28,36,70,136,33,168,29,32,LAMBAYEQUE
2018,5,0,0,0,10,103,0,223,0,17,AREQUIPA
2018,3,0,0,0,3,16,0,4,0,4,MOQUEGUA
2019,5,5,1,28,59,33,30,8,23,1,HUANCAVELICA
2020,11,22,24,28,158,49,23,109,25,30,CAJAMARCA
2020,12,48,45,56,70,78,53,85,48,50,AYACUCHO
2018,5,0,0,0,11,25,1,17,0,21,JUNIN
2018,5,0,0,1,12,58,0,1,0,31,ICA
2018,10,2,2,2,25,10,2,3,2,5,LORETO
2020,11,24,23,26,177,34,24,58,24,26,CUSCO
2020,4,24,27,28,50,28,29,36,27,29,AMAZONAS
2021,9,15,13,21,47,22,21,39,19,16,UCAYALI
2021,2,68,63,124,31,191,79,256,71,120,AREQUIPA
2021,4,13,14,35,9,54,14,27,15,22,MOQUEGUA
2019,8,34,34,36,71,44,35,225,35,70,HUANUCO
2021,3,24,27,28,53,28,29,36,27,31,AMAZONAS
2021,12,25,23,27,199,37,26,93,25,26,CUSCO
2020,8,41,41,67,100,264,54,354,41,119,APURIMAC
2020,1,46,48,48,25,53,49,49,48,64,LIMA CENTRO
2021,12,12,12,28,69,31,23,217,14,23,LIMA
2019,10,43,12,101,176,424,54,65,48,42,PIURA
2018,9,0,0,0,4,7,0,0,0,39,CALLAO
2021,12,29,27,142,41,252,32,215,29,169,PASCO
2018,8,0,0,0,51,70,0,88,0,0,LAMBAYEQUE
2019,9,32,29,33,22,42,32,57,32,69,JUNIN
2019,9,41,7,95,19,120,43,53,42,67,ICA
2021,1,72,47,46,8,73,78,78,77,72,LIMA ESTE
2020,10,38,27,38,68,47,40,118,39,27,HUANCAVELICA
2020,3,41,41,67,100,244,44,352,41,112,APURIMAC
2021,7,24,23,26,190,34,25,69,24,26,CUSCO
2021,8,24,27,28,60,30,29,38,27,31,AMAZONAS
2019,6,2,3,6,27,18,12,3,8,9,LORETO
2019,3,29,28,29,50,38,29,214,29,43,HUANUCO
2021,8,22,24,29,177,54,23,271,25,31,CAJAMARCA
2021,8,10,10,12,8,16,15,31,11,12,TACNA
2020,4,70,47,46,7,67,78,77,76,72,LIMA ESTE
2018,4,0,0,1,3,6,0,12,0,2,TACNA
2018,12,5,1,0,16,128,7,228,5,24,AREQUIPA
2018,7,0,0,0,18,13,0,0,0,0,UCAYALI
2018,10,3,1,0,5,19,6,16,5,15,MOQUEGUA
2021,4,72,47,46,9,73,81,78,78,72,LIMA ESTE
2021,1,7,8,12,18,13,40,7,10,8,TUMBES
2019,2,28,20,10,21,67,50,109,28,114,LIMA SUR
2021,3,10,10,12,7,16,15,29,11,12,TACNA
2018,11,5,8,6,15,37,45,5,35,63,LIMA CENTRO
2019,10,42,8,96,19,120,44,54,44,67,ICA
2021,3,48,45,56,71,79,57,93,48,50,AYACUCHO
2019,10,32,29,34,25,44,32,73,32,96,JUNIN
2021,9,39,27,38,80,52,43,170,43,27,HUANCAVELICA
2020,2,70,47,44,7,66,78,77,76,72,LIMA ESTE
2019,11,21,17,25,64,91,21,140,21,30,LAMBAYEQUE
2020,4,10,10,12,6,14,11,26,10,12,TACNA
2022,1,73,48,46,10,73,81,81,80,74,LIMA ESTE
2020,2,32,29,74,112,289,36,399,33,110,PUNO
2019,11,70,16,16,7,54,78,75,76,72,LIMA ESTE
2020,2,27,26,34,64,106,30,161,27,32,LAMBAYEQUE
2019,11,34,36,41,83,45,37,234,37,90,HUANUCO
2020,11,41,41,70,102,269,54,356,41,122,APURIMAC
2021,6,69,63,129,37,192,80,257,72,123,AREQUIPA
2021,3,48,48,50,29,54,55,56,49,64,LIMA CENTRO
2021,7,14,17,32,46,32,26,19,20,23,LORETO
2019,9,23,12,24,48,24,23,25,23,21,AMAZONAS
2019,6,16,20,16,120,27,22,27,21,15,CUSCO
2021,2,41,41,48,103,48,42,261,42,103,HUANUCO
2021,12,39,27,38,88,54,43,184,43,27,HUANCAVELICA
2018,2,0,0,0,55,97,0,101,0,17,APURIMAC
2020,7,70,47,46,7,67,78,77,76,72,LIMA ESTE
2018,6,0,0,0,11,26,2,17,0,21,JUNIN
2018,6,0,0,1,13,59,0,1,0,35,ICA
2019,1,0,0,0,4,4,0,68,0,1,MADRE DE DIOS
2021,9,101,81,87,39,94,108,106,105,98,LIMA NORTE
2018,10,0,0,0,19,13,0,0,0,1,UCAYALI
2018,1,0,0,0,8,95,0,155,0,12,AREQUIPA
2018,7,0,0,0,3,17,0,14,0,13,MOQUEGUA
2018,10,0,0,0,111,57,0,377,0,5,ANCASH
2019,10,7,5,11,6,13,8,26,7,12,TACNA
2020,9,5,5,5,8,12,5,69,5,5,MADRE DE DIOS
2020,1,12,13,12,37,22,17,18,14,12,UCAYALI
2018,6,0,0,0,10,33,0,2,0,4,LA LIBERTAD
2020,12,13,14,33,9,54,14,25,15,22,MOQUEGUA
2018,1,0,0,0,7,60,0,0,0,91,LIMA NORTE
2020,10,67,63,115,29,190,79,255,71,111,AREQUIPA
2021,1,29,27,36,69,135,33,163,29,32,LAMBAYEQUE
2020,3,13,14,24,9,36,14,25,15,22,MOQUEGUA
2018,8,31,1,1,1,49,33,72,32,72,LIMA ESTE
2020,5,67,63,111,29,186,79,255,71,111,AREQUIPA
2019,3,0,0,3,58,28,0,1,0,0,HUANCAVELICA
2021,9,49,48,50,32,54,56,65,50,64,LIMA CENTRO
2019,11,11,8,22,7,31,14,23,13,21,MOQUEGUA
2019,6,7,8,6,31,20,15,8,10,4,UCAYALI
2020,2,10,8,28,44,29,10,147,10,18,LIMA
2020,11,29,27,35,68,134,33,162,29,32,LAMBAYEQUE
2019,7,0,0,1,5,8,0,2,0,42,CALLAO
2018,9,0,0,0,57,19,0,1,0,0,HUANCAVELICA
2019,2,69,12,3,2,51,73,72,71,72,LIMA ESTE
2018,4,0,0,0,64,362,0,0,0,3,PIURA
2020,11,38,27,38,68,49,43,119,40,27,HUANCAVELICA
2018,9,3,2,0,12,27,6,17,4,25,JUNIN
2018,9,0,0,0,51,70,0,92,0,0,LAMBAYEQUE
2018,9,0,0,1,14,63,0,1,0,39,ICA
2019,3,3,1,5,23,242,3,79,3,30,PASCO
2020,1,65,55,65,31,94,74,123,66,115,LIMA SUR
2022,1,39,35,82,131,295,46,427,40,122,PUNO
2018,2,0,0,0,8,3,0,0,0,0,TUMBES
2019,5,4,1,4,23,19,6,128,6,12,LIMA
2021,3,54,54,152,197,425,66,83,60,70,PIURA
2020,3,5,5,5,8,11,5,69,5,5,MADRE DE DIOS
2021,3,39,35,82,124,294,45,403,39,121,PUNO
2018,12,0,2,1,21,42,3,2,2,9,LA LIBERTAD
2018,11,22,3,2,10,84,74,36,53,95,LIMA NORTE
2019,7,7,5,8,6,13,8,23,7,9,TACNA
2018,3,0,0,0,4,4,0,65,0,0,MADRE DE DIOS
2020,11,100,79,87,33,94,105,104,105,98,LIMA NORTE
2020,12,53,43,73,90,78,53,264,53,54,LA LIBERTAD
2020,11,10,10,12,6,15,15,27,10,12,TACNA
2019,3,7,4,3,125,88,8,380,7,11,ANCASH
2019,12,7,7,12,6,13,9,26,7,12,TACNA
2019,10,7,1,9,5,9,8,26,7,44,CALLAO
2018,9,0,0,0,101,380,0,0,0,6,PIURA
2020,10,53,43,73,81,77,53,262,53,54,LA LIBERTAD
2018,5,0,0,0,4,4,0,65,0,0,MADRE DE DIOS
2018,11,4,3,1,4,11,5,14,5,4,TACNA
2021,11,39,35,82,130,295,46,426,40,122,PUNO
2018,2,0,0,0,50,353,0,0,0,3,PIURA
2020,6,53,43,73,71,77,53,256,53,54,LA LIBERTAD
2019,1,0,0,0,4,7,0,0,0,41,CALLAO
2018,9,0,0,0,4,4,0,68,0,0,MADRE DE DIOS
2020,4,12,12,28,46,29,14,147,13,20,LIMA
2020,1,98,74,81,31,94,104,103,104,97,LIMA NORTE
2019,8,2,3,7,28,18,12,3,8,10,LORETO
2021,6,24,27,28,57,28,29,37,27,31,AMAZONAS
2020,8,99,79,87,33,94,105,104,104,97,LIMA NORTE
2021,9,24,23,26,197,35,25,74,24,26,CUSCO
2021,3,12,12,28,60,30,17,157,14,21,LIMA
2019,5,4,6,25,151,417,24,5,23,25,PIURA
2018,6,0,0,0,2,7,0,0,0,39,CALLAO
2018,11,22,15,10,21,63,42,108,22,113,LIMA SUR
2021,9,29,27,127,38,252,32,205,29,147,PASCO
2020,8,7,8,11,17,13,40,7,10,8,TUMBES
2020,5,37,34,56,186,119,38,394,37,38,ANCASH
2018,6,0,0,0,1,48,0,72,0,72,LIMA ESTE
2019,12,64,55,62,30,88,73,123,64,115,LIMA SUR
2018,12,7,4,2,116,59,8,379,7,8,ANCASH
2018,12,3,1,0,6,19,6,16,5,15,MOQUEGUA
2018,1,0,0,0,13,13,0,0,0,0,UCAYALI
2018,10,4,1,0,14,121,5,228,4,22,AREQUIPA
2018,7,8,0,0,10,74,11,33,8,93,LIMA NORTE
2018,6,0,0,0,42,8,0,26,0,0,SAN MARTIN
2019,7,50,23,26,24,71,67,113,50,114,LIMA SUR
2020,5,27,27,92,28,252,29,138,27,70,PASCO
2021,4,7,8,13,19,13,40,7,10,8,TUMBES
2021,5,5,5,5,13,12,6,70,5,5,MADRE DE DIOS
2020,11,53,54,138,196,425,65,80,60,67,PIURA
2021,8,10,3,10,14,17,10,46,10,44,CALLAO
2019,10,37,7,38,47,53,37,213,37,45,LA LIBERTAD
2021,8,53,43,73,101,78,53,277,53,55,LA LIBERTAD
2020,6,47,52,48,31,60,57,157,56,289,JUNIN
2019,7,3,1,3,4,6,3,69,3,2,MADRE DE DIOS
2020,6,47,46,107,20,131,49,81,48,76,ICA
2020,4,37,34,79,113,292,44,401,38,116,PUNO
2021,10,12,12,28,68,31,23,177,14,21,LIMA
2019,12,51,49,105,187,425,56,76,55,58,PIURA
2019,12,27,25,70,111,285,28,389,28,99,PUNO
2018,4,0,0,0,1,45,0,72,0,71,LIMA ESTE
2021,7,39,27,38,78,52,43,156,43,27,HUANCAVELICA
2019,5,5,4,9,58,85,19,116,5,17,LAMBAYEQUE
2018,4,0,0,0,54,52,0,352,0,0,ANCASH
2020,12,72,47,46,8,73,78,78,77,72,LIMA ESTE
2021,12,37,34,66,221,124,39,396,37,42,ANCASH
2019,7,81,11,28,20,87,92,96,88,95,LIMA NORTE
2018,2,0,0,1,3,6,0,12,0,2,TACNA
2022,1,16,17,32,49,33,26,24,20,23,LORETO
2021,9,7,8,13,21,13,40,7,10,8,TUMBES
2021,2,53,43,73,95,78,53,270,53,54,LA LIBERTAD
2020,8,28,27,94,28,252,32,138,28,75,PASCO
2021,5,101,81,87,34,94,105,104,105,98,LIMA NORTE
2019,10,56,26,41,27,84,70,121,56,115,LIMA SUR
2021,5,10,2,10,11,16,10,46,10,44,CALLAO
2020,6,53,53,121,191,425,61,80,59,64,PIURA
2021,6,22,24,29,173,52,23,234,25,31,CAJAMARCA
2019,8,27,11,27,163,93,28,386,27,29,ANCASH
2018,9,0,0,0,80,20,0,0,0,8,CUSCO
2020,8,14,17,28,35,29,26,15,20,20,LORETO
2018,7,0,0,0,4,4,0,67,0,0,MADRE DE DIOS
2018,6,0,0,0,29,11,0,0,0,11,AMAZONAS
2020,8,53,43,73,72,77,53,257,53,54,LA LIBERTAD
2019,4,0,0,3,78,207,0,284,0,50,PUNO
2019,7,20,15,20,60,87,20,121,20,21,LAMBAYEQUE
2021,5,38,27,38,76,52,43,145,43,27,HUANCAVELICA
2018,11,0,0,0,21,17,0,115,0,11,LIMA
2021,10,57,55,164,213,425,68,99,64,72,PIURA
2019,12,7,7,25,40,27,7,144,7,18,LIMA
2020,9,10,2,10,9,16,10,46,10,44,CALLAO
2020,4,76,61,75,31,95,90,126,77,116,LIMA SUR
2019,6,18,18,17,25,252,18,117,18,45,PASCO
2018,7,0,0,0,8,5,0,0,0,0,TUMBES
2021,12,13,14,38,10,56,14,30,15,22,MOQUEGUA
2020,8,5,5,5,8,12,5,69,5,5,MADRE DE DIOS
2021,1,14,13,15,40,22,19,28,17,14,UCAYALI
2018,7,0,0,0,13,33,0,2,0,4,LA LIBERTAD
2021,10,69,63,138,39,194,80,257,72,130,AREQUIPA
2020,1,3,3,3,8,10,3,69,3,4,MADRE DE DIOS
2018,9,18,0,0,10,82,66,33,45,94,LIMA NORTE
2018,1,0,0,1,18,109,0,0,0,0,PASCO
2021,3,78,62,78,33,104,90,130,78,117,LIMA SUR
2020,3,37,34,55,186,115,38,393,37,38,ANCASH
2019,5,14,7,15,147,90,18,383,14,20,ANCASH
2018,6,0,0,0,18,37,1,0,0,0,AYACUCHO
2018,5,0,0,0,9,67,0,22,0,92,LIMA NORTE
2018,2,0,0,0,7,29,0,2,0,3,LA LIBERTAD
2019,11,5,5,7,16,11,40,5,9,8,TUMBES
2021,8,78,62,78,33,105,90,131,78,117,LIMA SUR
2018,10,0,0,1,22,128,0,0,0,18,PASCO
2021,8,47,46,128,27,138,52,94,52,82,ICA
2019,1,0,1,4,23,41,8,0,5,4,AYACUCHO
2021,8,48,52,50,39,64,59,218,56,303,JUNIN
2018,12,0,4,3,134,387,12,0,11,14,PIURA
2020,10,12,12,28,49,30,16,151,13,21,LIMA
2018,11,0,0,0,56,118,0,230,0,26,PUNO
2018,4,0,0,0,8,31,0,2,0,4,LA LIBERTAD
2018,3,0,0,0,8,63,0,0,0,91,LIMA NORTE
2022,1,16,13,21,47,23,21,64,19,16,UCAYALI
2020,11,5,5,5,8,12,6,69,5,5,MADRE DE DIOS
2020,6,48,45,54,40,74,52,71,48,50,AYACUCHO
2021,3,48,52,48,35,64,59,192,56,297,JUNIN
2021,7,49,48,50,29,54,56,65,50,64,LIMA CENTRO
2021,3,47,46,113,23,135,52,92,52,78,ICA
2019,10,23,14,37,36,60,35,37,30,32,AYACUCHO
2020,3,99,79,85,33,94,104,103,104,97,LIMA NORTE
2020,4,53,43,73,70,77,53,256,53,54,LA LIBERTAD
2020,11,37,34,59,190,123,38,394,37,39,ANCASH
2018,11,0,0,0,4,4,0,68,0,1,MADRE DE DIOS
2020,1,7,7,7,17,12,40,7,9,8,TUMBES
2018,2,5,3,1,13,52,5,106,6,107,LIMA SUR
2018,3,0,0,0,1,7,0,0,0,38,CALLAO
2021,6,12,12,28,64,31,19,157,14,21,LIMA
2020,1,25,24,31,64,105,28,160,25,30,LAMBAYEQUE
2018,3,0,0,0,50,16,0,1,0,0,HUANCAVELICA
2019,8,70,16,6,5,52,73,73,71,72,LIMA ESTE
2018,7,0,0,1,20,122,0,0,0,7,PASCO
2021,5,78,62,78,33,104,90,130,78,117,LIMA SUR
2018,3,0,0,0,29,63,0,42,0,0,LAMBAYEQUE
2019,6,0,2,5,8,8,7,0,7,6,TUMBES
2021,10,72,48,46,9,73,81,80,80,74,LIMA ESTE
2020,1,37,27,38,66,44,38,97,38,27,HUANCAVELICA
2021,10,41,42,50,112,48,43,271,43,103,HUANUCO
2018,10,0,0,0,64,120,0,129,0,28,APURIMAC
2019,1,0,0,0,35,15,0,0,0,12,AMAZONAS
2021,7,37,34,65,203,124,39,394,37,42,ANCASH
2019,1,5,10,6,15,39,46,5,36,63,LIMA CENTRO
2019,9,20,15,20,63,88,20,129,20,25,LAMBAYEQUE
2020,9,24,27,28,50,28,29,36,27,30,AMAZONAS
2021,11,39,27,38,84,53,43,179,43,27,HUANCAVELICA
2020,6,24,23,26,166,31,24,56,24,26,CUSCO
2018,7,2,2,2,23,9,2,3,2,5,LORETO
2021,2,41,41,72,102,269,54,359,41,127,APURIMAC
2018,2,0,0,1,30,29,0,153,0,17,HUANUCO
2020,9,99,79,87,33,94,105,104,104,97,LIMA NORTE
2018,1,0,0,0,4,4,0,62,0,0,MADRE DE DIOS
2020,9,24,23,26,166,33,24,56,24,26,CUSCO
2018,8,2,2,2,23,9,2,3,2,5,LORETO
2020,6,24,27,28,50,28,29,36,27,29,AMAZONAS
2019,7,17,10,22,27,52,27,26,22,25,AYACUCHO
2019,2,0,0,2,57,155,0,241,0,42,PUNO
2019,6,19,4,19,88,217,19,246,19,66,APURIMAC
2018,2,0,0,0,58,19,0,0,0,6,CUSCO
2020,6,41,41,46,95,46,42,246,42,101,HUANUCO
2020,3,14,17,28,34,29,24,15,19,20,LORETO
2019,6,37,4,37,28,49,37,178,37,38,LA LIBERTAD
2019,1,26,6,5,10,85,82,40,65,95,LIMA NORTE
2020,2,10,7,12,6,13,11,26,10,12,TACNA
2021,9,5,5,5,13,12,6,71,5,5,MADRE DE DIOS
2021,6,29,28,36,70,135,33,165,29,32,LAMBAYEQUE
2019,5,9,3,5,24,172,12,244,9,79,AREQUIPA
2019,4,0,1,10,59,28,5,1,5,0,HUANCAVELICA
2019,3,3,1,0,6,25,6,16,5,19,MOQUEGUA
2021,5,24,23,26,187,34,25,66,24,26,CUSCO
2021,10,25,27,28,63,30,29,41,27,31,AMAZONAS
2019,11,13,13,28,21,48,49,15,43,64,LIMA CENTRO
2020,1,27,27,53,98,233,29,349,27,107,APURIMAC
2019,1,10,10,12,42,33,11,207,11,33,HUANUCO
2019,4,2,2,3,26,18,3,3,3,8,LORETO
2018,10,0,0,0,52,71,0,94,0,0,LAMBAYEQUE
2021,7,15,13,17,42,22,21,34,18,16,UCAYALI
2021,10,13,14,38,10,55,14,28,15,22,MOQUEGUA
2021,3,72,47,46,9,73,78,78,77,72,LIMA ESTE
2020,8,37,27,38,67,46,38,118,38,27,HUANCAVELICA
2021,12,69,63,140,40,196,80,257,72,130,AREQUIPA
2021,10,37,34,65,218,124,39,396,37,42,ANCASH
2019,1,0,0,0,57,22,0,1,0,0,HUANCAVELICA
2021,3,29,27,36,69,135,33,164,29,32,LAMBAYEQUE
2018,10,54,2,2,1,51,57,72,57,72,LIMA ESTE
2020,9,48,45,55,41,77,52,72,48,50,AYACUCHO
2020,3,47,48,50,26,54,50,50,49,64,LIMA CENTRO
2019,7,40,6,91,17,119,42,51,41,63,ICA
2019,7,32,29,33,19,37,32,52,32,54,JUNIN
2018,5,0,0,0,11,16,0,110,0,10,LIMA
2020,3,53,53,121,191,425,61,80,59,63,PIURA
2018,7,0,0,0,55,17,0,1,0,0,HUANCAVELICA
2020,11,41,41,47,101,48,42,250,42,102,HUANUCO
2019,12,70,47,44,7,57,78,76,76,72,LIMA ESTE
2020,5,29,27,34,64,113,33,162,29,32,LAMBAYEQUE
2019,11,25,18,46,97,231,28,336,25,97,APURIMAC
2018,9,0,1,0,20,40,2,0,1,0,AYACUCHO
2018,12,65,8,3,1,51,71,72,69,72,LIMA ESTE
2019,7,21,2,38,59,41,38,25,38,1,HUANCAVELICA
2021,5,29,27,36,70,135,33,165,29,32,LAMBAYEQUE
2019,12,33,33,34,29,46,34,97,34,226,JUNIN
2019,12,43,42,98,20,125,46,54,45,72,ICA
2021,5,48,46,56,77,80,57,99,49,50,AYACUCHO
2021,4,68,63,128,35,191,80,256,72,122,AREQUIPA
2021,2,13,14,34,9,54,14,25,15,22,MOQUEGUA
2018,2,0,0,0,50,16,0,1,0,0,HUANCAVELICA
2019,9,70,16,8,5,53,73,73,71,72,LIMA ESTE
2019,9,7,2,10,33,20,7,137,7,14,LIMA
2019,5,8,4,6,59,11,14,33,14,2,SAN MARTIN
2020,12,10,2,10,10,16,10,46,10,44,CALLAO
2018,8,0,0,0,8,5,0,0,0,0,TUMBES
2019,9,20,19,21,27,252,21,125,20,56,PASCO
2020,11,77,62,75,32,103,90,130,78,117,LIMA SUR
2021,9,13,14,37,10,55,14,28,15,22,MOQUEGUA
2021,4,15,13,16,40,22,19,29,17,16,UCAYALI
2018,9,4,8,6,14,35,44,4,25,63,LIMA CENTRO
2019,5,30,29,30,62,40,30,222,30,56,HUANUCO
2020,5,41,41,67,100,247,54,352,41,115,APURIMAC
2021,1,24,23,26,179,34,24,62,24,26,CUSCO
2020,3,14,13,12,38,22,17,24,16,13,UCAYALI
2020,8,67,63,111,29,189,79,255,71,111,AREQUIPA
2018,3,0,2,2,77,27,1,0,3,14,CAJAMARCA
2020,1,8,7,12,6,13,11,26,8,12,TACNA
2018,6,0,0,0,69,19,0,0,0,7,CUSCO
2020,2,37,38,43,94,46,40,240,38,98,HUANUCO
2018,9,0,0,0,32,13,0,0,0,12,AMAZONAS
2019,2,0,0,0,72,136,0,141,0,49,APURIMAC
2020,7,14,17,28,35,29,26,15,20,20,LORETO
2020,6,70,47,46,7,67,78,77,76,72,LIMA ESTE
2021,8,49,46,57,89,81,57,106,50,50,AYACUCHO
2019,1,3,2,0,14,28,6,17,4,34,JUNIN
2019,1,1,0,6,17,101,17,1,16,52,ICA
2019,4,1,5,9,24,46,8,9,5,10,AYACUCHO
2021,9,41,41,78,114,275,54,368,41,151,APURIMAC
2018,9,0,1,3,38,32,0,206,1,21,HUANUCO
2020,2,24,24,25,50,26,24,36,24,27,AMAZONAS
2018,12,2,2,2,25,12,2,3,2,5,LORETO
2018,5,0,0,0,53,17,0,1,0,0,HUANCAVELICA
2020,7,29,27,34,64,125,33,162,29,32,LAMBAYEQUE
2021,3,37,34,65,199,124,39,394,37,41,ANCASH
2021,11,15,17,32,47,32,26,20,20,23,LORETO
2019,10,22,21,20,154,27,22,37,23,18,CUSCO
2021,12,23,24,31,198,55,24,356,25,33,CAJAMARCA
2019,5,0,1,15,39,22,10,0,6,17,AMAZONAS
2021,12,102,81,87,42,94,108,107,107,98,LIMA NORTE
2019,5,5,4,7,6,25,9,16,8,20,MOQUEGUA
2019,8,9,8,9,32,21,16,12,11,4,UCAYALI
2021,11,53,43,73,110,78,53,278,53,56,LA LIBERTAD
2019,3,5,1,1,20,163,7,234,5,62,AREQUIPA
2019,4,0,0,0,4,6,0,69,0,2,MADRE DE DIOS
2020,9,10,10,12,6,15,14,26,10,12,TACNA
2019,3,3,5,9,141,413,16,3,17,19,PIURA
2021,5,12,12,28,62,31,17,157,14,21,LIMA
2018,4,0,2,2,84,28,1,0,3,14,CAJAMARCA
2019,1,5,4,1,4,11,6,15,5,4,TACNA
2020,10,29,28,30,76,43,32,79,32,27,SAN MARTIN
2019,6,17,2,38,59,39,38,21,37,1,HUANCAVELICA
2019,9,21,12,30,33,56,34,35,28,31,AYACUCHO
2021,4,29,27,36,70,135,33,165,29,32,LAMBAYEQUE
2021,4,41,41,73,108,270,54,366,41,132,APURIMAC
2019,3,49,7,6,15,85,87,58,79,95,LIMA NORTE
2019,4,8,3,10,22,46,13,129,9,28,LA LIBERTAD
2018,1,0,0,0,20,5,0,0,0,5,LORETO
2021,11,5,5,5,13,12,6,71,5,5,MADRE DE DIOS
2018,4,0,0,2,31,31,0,184,0,18,HUANUCO
2019,12,10,1,10,5,12,10,44,10,44,CALLAO
2020,9,12,12,28,48,30,16,147,13,21,LIMA
2019,2,2,1,2,50,9,7,26,7,1,SAN MARTIN
2019,11,26,5,91,29,181,32,249,26,94,AREQUIPA
2019,6,81,11,13,19,86,92,96,88,95,LIMA NORTE
2019,1,0,2,2,21,44,3,6,2,11,LA LIBERTAD
2019,2,5,4,3,4,11,6,16,5,5,TACNA
2020,12,47,46,111,21,134,52,87,52,78,ICA
2020,12,47,52,48,35,64,59,183,56,297,JUNIN
2018,5,0,0,0,16,35,1,0,0,0,AYACUCHO
2019,7,8,6,4,126,43,16,8,18,25,CAJAMARCA
2018,4,5,3,1,13,53,5,106,6,111,LIMA SUR
2021,6,29,27,106,36,252,32,184,29,119,PASCO
2020,7,7,8,10,17,13,40,7,10,8,TUMBES
2019,11,11,10,11,35,22,17,15,12,4,UCAYALI
2019,6,9,5,11,7,28,14,18,12,20,MOQUEGUA
2020,3,37,27,38,67,44,38,115,38,27,HUANCAVELICA
2018,1,0,0,0,26,62,0,26,0,0,LAMBAYEQUE
2021,8,72,48,46,9,73,81,80,80,73,LIMA ESTE
2021,5,39,35,82,125,295,45,408,39,121,PUNO
2018,12,0,0,0,19,14,0,0,0,1,UCAYALI
2018,1,0,0,0,3,16,0,4,0,2,MOQUEGUA
2018,7,0,0,0,11,112,0,227,0,18,AREQUIPA
2021,4,29,28,32,84,45,33,80,33,27,SAN MARTIN
2020,4,47,48,50,26,54,54,50,49,64,LIMA CENTRO
2018,2,0,0,0,28,96,0,191,0,5,PUNO
2022,1,8,8,13,22,13,40,13,10,9,TUMBES
2021,8,30,28,32,89,45,33,81,33,27,SAN MARTIN
2021,1,29,28,31,82,45,33,79,33,27,SAN MARTIN
2019,2,1,0,14,17,104,18,1,17,54,ICA
2019,2,4,2,0,14,29,6,18,4,37,JUNIN
2021,11,49,46,59,130,81,57,115,50,50,AYACUCHO
2020,9,37,34,79,115,293,44,401,38,120,PUNO
2022,1,32,28,32,94,45,33,89,33,27,SAN MARTIN
2020,2,18,19,22,150,46,18,89,20,29,CAJAMARCA
2018,10,0,0,0,81,20,0,0,0,8,CUSCO
2020,11,14,17,31,42,32,26,15,20,22,LORETO
2018,5,0,0,0,27,11,0,0,0,11,AMAZONAS
2019,12,31,28,38,182,95,32,390,31,35,ANCASH
2019,9,55,25,38,27,80,70,120,56,115,LIMA SUR
2020,11,29,27,100,28,252,32,143,29,79,PASCO
2020,7,22,24,27,153,47,23,95,25,30,CAJAMARCA
2021,10,7,8,13,22,13,40,7,10,8,TUMBES
2018,6,0,0,1,3,8,0,12,0,3,TACNA
2021,12,57,55,166,214,425,68,102,64,72,PIURA
2019,10,7,4,20,34,25,7,139,7,14,LIMA
2019,12,27,27,70,28,252,28,133,27,61,PASCO
2021,11,31,28,32,91,45,33,84,33,27,SAN MARTIN
2018,2,0,0,0,7,61,0,0,0,91,LIMA NORTE
2020,10,5,5,5,8,12,6,69,5,5,MADRE DE DIOS
2021,6,48,46,56,83,80,57,100,50,50,AYACUCHO
2018,5,0,0,0,8,32,0,2,0,4,LA LIBERTAD
2018,8,0,2,2,89,32,1,0,3,14,CAJAMARCA
2019,8,41,8,60,171,424,48,52,45,37,PIURA
2018,11,0,0,0,4,7,0,0,0,40,CALLAO
2019,8,10,6,4,127,43,16,10,18,25,CAJAMARCA
2021,3,10,2,10,11,16,10,46,10,44,CALLAO
2018,6,0,0,0,16,16,0,111,0,11,LIMA
2019,4,3,3,3,56,10,10,26,10,1,SAN MARTIN
2021,12,10,3,10,29,17,10,46,10,44,CALLAO
2018,9,0,0,0,19,16,0,112,0,11,LIMA
2021,7,7,8,13,19,13,40,7,10,8,TUMBES
2020,6,27,27,92,28,252,29,138,27,72,PASCO
2019,4,31,22,14,21,68,59,112,31,114,LIMA SUR
2018,3,0,0,0,11,25,0,17,0,21,JUNIN
2020,10,48,45,55,56,77,52,73,48,50,AYACUCHO
2018,3,0,0,0,9,53,0,1,0,23,ICA
2018,5,0,0,0,18,13,0,0,0,0,UCAYALI
2018,8,2,1,0,5,19,6,15,4,13,MOQUEGUA
2020,12,29,28,31,80,45,33,79,33,27,SAN MARTIN
2021,7,101,81,87,37,94,108,104,105,98,LIMA NORTE
2019,10,25,6,62,108,282,26,376,26,82,PUNO
2020,1,31,28,42,182,103,32,392,31,35,ANCASH
2018,11,1,4,2,99,33,4,1,5,16,CAJAMARCA
2020,11,7,8,11,18,13,40,7,10,8,TUMBES
2021,10,29,27,128,40,252,32,212,29,155,PASCO
2018,8,17,7,5,17,57,19,107,18,112,LIMA SUR
2019,1,0,0,2,56,155,0,231,0,39,PUNO
2018,1,0,0,0,42,351,0,0,0,3,PIURA
2020,7,12,12,28,47,30,16,147,13,21,LIMA
2019,2,0,0,0,4,7,0,1,0,41,CALLAO
2021,3,22,24,28,164,50,23,194,25,31,CAJAMARCA
2018,5,4,6,4,7,26,6,4,6,62,LIMA CENTRO
2018,6,0,0,0,34,107,0,221,0,17,PUNO
2018,4,2,2,2,22,7,2,2,2,5,LORETO
2021,1,41,41,71,102,269,54,359,41,126,APURIMAC
2020,5,24,23,26,166,30,24,55,24,26,CUSCO
2018,1,0,0,1,30,29,0,152,0,16,HUANUCO
2019,10,9,12,20,21,47,47,9,41,64,LIMA CENTRO
2020,10,24,27,28,52,28,29,36,27,30,AMAZONAS
2019,5,3,0,2,4,6,3,69,3,2,MADRE DE DIOS
2021,10,53,43,73,108,78,53,278,53,56,LA LIBERTAD
2018,3,0,0,0,9,100,0,217,0,15,AREQUIPA
2018,5,0,0,0,3,17,0,13,0,9,MOQUEGUA
2018,8,0,0,0,18,13,0,0,0,0,UCAYALI
2021,1,39,35,82,121,294,45,402,39,121,PUNO
2021,6,78,62,78,33,104,90,130,78,117,LIMA SUR
2018,4,0,0,1,18,118,0,0,0,1,PASCO
2019,5,0,1,5,8,8,7,0,7,5,TUMBES
2021,2,29,27,101,33,252,32,153,29,92,PASCO
2020,3,7,8,9,17,13,40,7,10,8,TUMBES
2019,12,18,19,21,143,44,18,60,20,28,CAJAMARCA
2018,1,5,3,1,13,51,5,106,6,107,LIMA SUR
2020,2,7,7,7,17,12,40,7,9,8,TUMBES
2021,3,29,27,102,33,252,32,166,29,100,PASCO
2019,9,10,6,17,7,31,14,21,12,20,MOQUEGUA
2019,4,0,0,2,29,20,2,0,1,2,UCAYALI
2019,9,10,6,4,131,43,16,13,18,27,CAJAMARCA
2019,1,1,1,1,21,17,1,116,1,11,LIMA
2021,7,56,55,158,207,425,68,86,62,72,PIURA
2020,4,10,2,10,8,15,10,46,10,44,CALLAO
2020,4,24,23,26,165,30,24,51,24,26,CUSCO
2020,11,24,27,28,52,28,29,36,27,30,AMAZONAS
2019,10,14,10,10,70,28,17,59,16,7,SAN MARTIN
2018,5,2,2,2,22,7,2,2,2,5,LORETO
2018,10,3,2,0,14,27,6,17,4,27,JUNIN
2018,10,0,0,1,14,66,0,1,0,41,ICA
2018,10,4,8,6,15,36,44,4,32,63,LIMA CENTRO
2020,3,48,45,54,40,74,52,70,48,50,AYACUCHO
2020,6,12,12,28,47,30,16,147,13,20,LIMA
2019,3,0,0,0,4,8,0,1,0,41,CALLAO
2021,11,78,62,80,36,105,91,132,78,117,LIMA SUR
2022,1,29,28,44,71,146,33,174,29,35,LAMBAYEQUE
2018,9,0,0,1,22,127,0,0,0,17,PASCO
2019,8,5,3,6,8,9,7,5,7,7,TUMBES
2021,10,29,28,43,71,143,33,170,29,32,LAMBAYEQUE
2020,12,39,35,80,121,294,45,402,39,121,PUNO
2019,8,25,2,38,60,41,38,38,38,1,HUANCAVELICA
2018,3,0,0,0,1,43,0,72,0,70,LIMA ESTE
2020,1,26,26,102,29,183,33,250,26,105,AREQUIPA
2020,7,13,14,28,9,49,14,25,15,22,MOQUEGUA
2020,10,14,13,13,39,22,18,25,16,14,UCAYALI
2020,5,47,48,50,26,54,55,50,49,64,LIMA CENTRO
2020,12,48,48,50,28,54,55,54,49,64,LIMA CENTRO
2018,1,0,0,0,30,6,0,22,0,0,SAN MARTIN
2018,4,0,0,0,8,3,0,0,0,0,TUMBES
2020,7,76,61,75,31,96,90,127,77,117,LIMA SUR
2019,5,17,18,17,24,250,18,108,18,39,PASCO
2022,1,13,14,39,10,57,14,31,15,22,MOQUEGUA
2020,11,48,45,56,62,78,53,81,48,50,AYACUCHO
2018,2,0,0,0,11,25,0,16,0,21,JUNIN
2018,2,0,0,0,9,52,0,1,0,22,ICA
2019,10,23,14,25,48,24,23,27,23,22,AMAZONAS
2019,5,2,4,6,113,27,7,19,4,13,CUSCO
2021,4,14,17,32,44,32,26,15,20,23,LORETO
2021,1,41,41,47,102,48,42,260,42,102,HUANUCO
2018,1,0,0,0,51,95,0,101,0,15,APURIMAC
2018,8,0,0,0,16,16,0,112,0,11,LIMA
2019,4,6,11,8,17,40,46,6,36,63,LIMA CENTRO
2021,11,25,23,27,199,36,26,89,25,26,CUSCO
2021,4,24,27,28,53,28,29,36,27,31,AMAZONAS
2019,10,2,3,12,30,21,16,3,10,12,LORETO
2022,1,78,62,80,37,105,91,132,78,117,LIMA SUR
2020,1,27,26,70,111,289,28,398,28,105,PUNO
2020,12,68,63,121,30,190,79,256,71,113,AREQUIPA
2020,9,37,27,38,67,47,39,118,38,27,HUANCAVELICA
2018,11,0,0,0,52,74,0,96,0,0,LAMBAYEQUE
2020,7,14,13,12,38,22,17,25,16,13,UCAYALI
2021,2,72,47,46,8,73,78,78,77,72,LIMA ESTE
2020,10,13,14,30,9,52,14,25,15,22,MOQUEGUA
2021,7,48,46,56,83,80,57,101,50,50,AYACUCHO
2018,12,0,0,0,8,6,0,0,0,1,TUMBES
2021,11,49,48,50,32,54,57,67,50,64,LIMA CENTRO
2020,11,29,28,30,78,45,32,79,32,27,SAN MARTIN
2018,7,0,0,1,3,8,0,12,0,3,TACNA
2022,1,41,42,50,112,49,43,278,43,103,HUANUCO
2020,8,22,24,27,153,47,23,95,25,30,CAJAMARCA
2021,11,16,13,21,47,22,21,55,19,16,UCAYALI
2021,6,13,14,36,10,54,14,27,15,22,MOQUEGUA
2020,4,47,52,48,31,59,57,145,56,279,JUNIN
2020,4,47,45,105,20,129,49,81,48,75,ICA
2020,10,14,17,31,42,32,26,15,20,21,LORETO
2018,4,0,0,0,26,11,0,0,0,11,AMAZONAS
2018,11,0,0,0,90,20,0,0,0,8,CUSCO
2018,12,0,1,1,22,41,8,0,5,2,AYACUCHO
2020,5,47,45,106,20,130,49,81,48,75,ICA
2020,5,47,52,48,31,59,57,151,56,284,JUNIN
2021,10,49,46,57,113,81,57,114,50,50,AYACUCHO
2021,1,48,48,50,28,54,55,55,49,64,LIMA CENTRO
2019,3,4,2,0,14,32,6,26,4,42,JUNIN
2019,3,4,0,60,17,109,33,5,27,59,ICA
2021,10,15,13,21,47,22,21,48,19,16,UCAYALI
2021,1,68,63,124,31,190,79,256,71,116,AREQUIPA
2021,7,13,14,37,10,54,14,27,15,22,MOQUEGUA
2020,4,5,5,5,8,12,5,69,5,5,MADRE DE DIOS
2018,11,0,0,0,19,36,0,2,0,8,LA LIBERTAD
2018,3,0,0,0,29,99,0,202,0,7,PUNO
2018,12,24,6,3,10,84,79,37,59,95,LIMA NORTE
2020,11,47,48,50,28,54,55,51,49,64,LIMA CENTRO
2018,6,0,0,0,10,108,0,226,0,17,AREQUIPA
2021,4,48,48,50,29,54,55,62,49,64,LIMA CENTRO
2018,2,0,0,0,73,26,0,0,0,14,CAJAMARCA
2021,1,10,10,12,7,16,15,29,11,12,TACNA
2019,1,5,1,0,16,142,7,229,5,33,AREQUIPA
2019,10,11,9,11,34,22,17,14,12,4,UCAYALI
2019,7,10,5,11,7,31,14,19,12,20,MOQUEGUA
2022,1,49,46,59,140,81,57,122,50,50,AYACUCHO
2020,11,13,14,31,9,52,14,25,15,22,MOQUEGUA
2020,6,14,13,12,38,22,17,25,16,13,UCAYALI
2018,4,0,0,0,16,35,0,0,0,0,AYACUCHO
2019,11,2,3,14,32,22,18,3,13,14,LORETO
2021,10,23,24,31,187,55,24,318,25,31,CAJAMARCA
2021,5,24,27,28,55,28,29,36,27,31,AMAZONAS
2021,10,24,23,26,197,35,25,78,24,26,CUSCO
2019,1,0,0,0,19,16,0,0,0,1,UCAYALI
2018,6,0,0,0,10,71,0,25,0,93,LIMA NORTE
2018,1,0,0,0,7,29,0,1,0,3,LA LIBERTAD
2019,12,12,13,24,9,31,14,24,14,22,MOQUEGUA
2019,10,26,5,82,28,178,32,249,26,92,AREQUIPA
2021,5,14,17,32,44,32,26,15,20,23,LORETO
2019,4,0,1,2,104,27,0,17,1,12,CUSCO
2019,11,24,17,25,48,24,24,29,24,25,AMAZONAS
2019,4,3,1,8,23,248,3,103,3,35,PASCO
2018,5,0,0,0,8,3,0,0,0,0,TUMBES
2018,1,3,3,3,6,21,3,3,3,61,LIMA CENTRO
2020,6,76,61,75,31,96,90,126,77,116,LIMA SUR
2021,1,48,52,48,35,64,59,188,56,297,JUNIN
2019,8,20,10,25,31,52,33,32,25,29,AYACUCHO
2021,1,47,46,113,23,134,52,88,52,78,ICA
2022,1,53,43,73,112,78,53,279,53,56,LA LIBERTAD
2020,5,28,28,30,75,42,31,78,31,27,SAN MARTIN
2020,9,22,24,27,155,48,23,96,25,30,CAJAMARCA
2020,11,14,13,13,39,22,18,28,16,14,UCAYALI
2020,6,13,14,27,9,47,14,25,15,22,MOQUEGUA
2021,9,23,24,29,180,55,24,298,25,31,CAJAMARCA
2020,8,10,10,12,6,15,11,26,10,12,TACNA
2021,10,78,62,79,35,105,91,131,78,117,LIMA SUR
2021,3,101,81,87,33,94,105,104,105,98,LIMA NORTE
2018,8,0,0,1,22,124,0,0,0,16,PASCO
2021,4,53,43,73,96,78,53,272,53,54,LA LIBERTAD
2019,9,5,3,6,11,9,7,5,7,7,TUMBES
2019,11,3,2,3,8,10,3,69,3,3,MADRE DE DIOS
2019,4,0,1,3,38,21,1,0,1,16,AMAZONAS
2019,11,22,22,22,155,28,22,41,23,20,CUSCO
2021,10,15,17,32,47,32,26,20,20,23,LORETO
2020,2,42,35,49,40,70,46,69,42,47,AYACUCHO
2018,11,0,0,1,15,69,0,1,0,42,ICA
2018,11,3,2,0,14,27,6,17,4,28,JUNIN
2018,10,0,1,0,48,9,1,26,1,1,SAN MARTIN
2018,12,5,3,1,4,11,5,15,5,4,TACNA
2020,5,10,2,10,8,15,10,46,10,44,CALLAO
2021,6,56,55,157,205,425,68,85,61,71,PIURA
2021,12,48,52,50,66,66,59,241,56,306,JUNIN
2021,12,47,46,129,31,138,53,103,52,83,ICA
2019,6,7,6,4,121,42,16,7,18,24,CAJAMARCA
2019,5,1,6,15,24,48,12,11,7,15,AYACUCHO
2019,8,10,5,15,7,31,14,19,12,20,MOQUEGUA
2019,5,0,3,5,31,20,15,0,9,4,UCAYALI
2020,6,14,17,28,34,29,26,15,20,20,LORETO
2020,3,41,41,45,95,46,42,245,42,100,HUANUCO
2019,3,0,0,4,75,143,0,161,0,51,APURIMAC
2018,8,0,0,0,29,12,0,0,0,11,AMAZONAS
2018,7,0,0,0,70,19,0,0,0,7,CUSCO
2019,1,7,4,3,117,75,8,379,7,8,ANCASH
2018,12,1,4,2,99,34,4,1,5,17,CAJAMARCA
2020,2,12,13,12,37,22,17,20,14,13,UCAYALI
2020,9,67,63,114,29,190,79,255,71,111,AREQUIPA
2019,3,1,4,2,101,36,4,1,5,23,CAJAMARCA
2019,4,0,0,1,8,8,0,0,0,4,TUMBES
2021,7,78,62,78,33,104,90,130,78,117,LIMA SUR
2018,5,0,0,1,20,121,0,0,0,1,PASCO
2018,9,0,0,0,48,9,0,26,0,0,SAN MARTIN
2021,8,13,14,37,10,55,14,28,15,22,MOQUEGUA
2021,5,15,13,16,41,22,19,29,17,16,UCAYALI
2018,9,0,0,0,18,13,0,0,0,0,UCAYALI
2018,4,0,0,0,3,17,0,11,0,8,MOQUEGUA
2018,2,0,0,0,8,98,0,201,0,14,AREQUIPA
2019,5,6,11,9,18,40,47,6,37,63,LIMA CENTRO
2019,8,7,2,9,31,20,7,135,7,12,LIMA
2018,5,0,0,0,37,7,0,26,0,0,SAN MARTIN
2018,7,0,0,0,35,111,0,224,0,20,PUNO
2019,2,0,0,0,58,25,0,1,0,0,HUANCAVELICA
2021,5,68,63,129,37,191,80,256,72,123,AREQUIPA
2018,9,33,2,2,1,49,52,72,34,72,LIMA ESTE
2021,3,13,14,35,9,54,14,25,15,22,MOQUEGUA
2020,1,44,42,98,20,126,46,59,45,73,ICA
2018,8,0,0,0,19,39,2,0,0,0,AYACUCHO
2020,1,33,33,34,30,50,34,102,34,257,JUNIN
2020,6,22,24,27,151,47,23,95,25,30,CAJAMARCA
2020,10,7,8,11,18,13,40,7,10,8,TUMBES
2018,9,19,8,9,18,59,22,107,20,112,LIMA SUR
2021,11,29,27,131,41,252,32,212,29,161,PASCO
2018,4,0,0,0,11,16,0,110,0,10,LIMA
2020,2,51,49,119,190,425,57,78,56,63,PIURA
2020,7,99,79,87,33,94,105,104,104,97,LIMA NORTE
2021,1,10,2,10,10,16,10,46,10,44,CALLAO
2019,11,25,7,66,110,284,27,380,26,92,PUNO
2020,3,28,28,30,75,41,31,78,31,27,SAN MARTIN
2018,4,0,0,0,16,13,0,0,0,0,UCAYALI
2018,9,2,1,0,5,19,6,15,4,13,MOQUEGUA
2020,2,98,75,81,32,94,104,103,104,97,LIMA NORTE
2021,11,37,34,65,219,124,39,396,37,42,ANCASH
2018,10,0,0,0,4,4,0,68,0,1,MADRE DE DIOS
2020,5,53,43,73,71,77,53,256,53,54,LA LIBERTAD
2019,5,33,22,21,23,68,60,112,33,114,LIMA SUR
2021,12,73,48,46,10,73,81,81,80,74,LIMA ESTE
2018,5,0,0,0,43,66,0,67,0,0,LAMBAYEQUE
2020,7,37,27,38,67,45,38,118,38,27,HUANCAVELICA
2020,7,28,27,94,28,252,30,138,28,73,PASCO
2021,6,7,8,13,19,13,40,7,10,8,TUMBES
2019,5,2,3,6,27,18,10,3,7,8,LORETO
2021,11,25,27,28,67,31,29,41,27,31,AMAZONAS
2019,11,17,11,15,70,30,21,64,19,16,SAN MARTIN
2021,4,24,23,26,186,34,25,64,24,26,CUSCO
2018,7,0,0,0,16,16,0,111,0,11,LIMA
2020,1,51,49,118,188,425,57,76,56,61,PIURA
2021,5,22,24,29,172,52,23,224,25,31,CAJAMARCA
2021,2,10,2,10,11,16,10,46,10,44,CALLAO
2022,1,39,27,38,88,54,43,190,43,27,HUANCAVELICA
2022,1,25,23,27,200,38,38,96,25,26,CUSCO
2020,3,10,10,12,6,14,11,26,10,12,TACNA
2019,9,42,10,87,173,424,48,62,45,38,PIURA
2018,10,0,0,0,4,7,0,0,0,39,CALLAO
2020,5,5,5,5,8,12,5,69,5,5,MADRE DE DIOS
2022,1,29,27,149,41,252,32,216,29,179,PASCO
2019,3,0,0,3,68,187,0,268,0,47,PUNO
2018,10,0,0,0,17,35,0,2,0,7,LA LIBERTAD
2018,1,0,0,0,41,48,0,302,0,0,ANCASH
2020,7,24,27,28,50,28,29,36,27,29,AMAZONAS
2021,12,41,41,82,116,277,54,370,41,161,APURIMAC
2018,12,10,9,7,40,32,10,206,10,25,HUANUCO
2018,9,2,2,2,23,10,2,3,2,5,LORETO
2020,8,24,23,26,166,33,24,56,24,26,CUSCO
2019,6,20,15,20,59,85,20,119,20,20,LAMBAYEQUE
2021,4,38,27,38,75,52,43,132,43,27,HUANCAVELICA
2019,11,7,4,24,36,27,7,141,7,15,LIMA
2021,6,37,34,65,203,124,39,394,37,42,ANCASH
2019,1,2,1,1,50,9,7,26,7,1,SAN MARTIN
2020,10,28,27,98,28,252,32,139,28,78,PASCO
2021,11,7,8,13,22,13,40,7,10,8,TUMBES
2019,8,55,24,32,27,72,69,115,55,114,LIMA SUR
2019,7,0,2,5,8,8,7,0,7,7,TUMBES
2021,4,78,62,78,33,104,90,130,78,117,LIMA SUR
2018,6,0,0,1,20,121,0,0,0,2,PASCO
2018,12,0,0,0,57,20,0,1,0,0,HUANCAVELICA
2019,7,70,16,6,5,52,73,73,71,72,LIMA ESTE
2018,2,0,0,0,1,7,0,0,0,38,CALLAO
2019,1,2,5,3,139,392,12,2,11,16,PIURA
2021,2,22,24,28,162,50,23,182,25,31,CAJAMARCA
2021,7,12,12,28,64,31,19,159,14,21,LIMA
2020,8,37,34,79,115,293,44,401,38,119,PUNO
2022,1,50,48,50,32,54,58,68,51,64,LIMA CENTRO
2020,10,37,34,59,188,123,38,394,37,39,ANCASH
2021,8,49,48,50,29,54,56,65,50,64,LIMA CENTRO
2020,7,48,45,54,40,76,52,72,48,50,AYACUCHO
2020,4,28,28,30,75,42,31,78,31,27,SAN MARTIN
2021,3,38,27,38,74,52,43,128,43,27,HUANCAVELICA
2019,1,0,0,0,53,80,0,104,0,4,LAMBAYEQUE
2020,11,12,12,28,54,30,16,152,13,21,LIMA
2020,8,70,47,46,7,73,78,77,76,72,LIMA ESTE
2021,4,39,35,82,125,294,45,408,39,121,PUNO
2019,10,5,4,6,14,9,40,5,7,7,TUMBES
2020,1,18,19,22,146,46,18,80,20,29,CAJAMARCA
2018,11,1,1,2,22,131,1,1,1,22,PASCO
2021,9,78,62,79,35,105,90,131,78,117,LIMA SUR
2021,7,29,27,113,36,252,32,188,29,127,PASCO
2018,4,0,0,0,37,65,0,52,0,0,LAMBAYEQUE
2020,6,7,8,9,17,13,40,7,10,8,TUMBES
2020,6,37,27,38,67,45,38,117,38,27,HUANCAVELICA
2018,5,5,3,1,13,53,5,106,6,111,LIMA SUR
2019,4,0,0,3,57,82,0,114,0,9,LAMBAYEQUE
2021,6,39,27,38,76,52,43,153,43,27,HUANCAVELICA
2019,4,7,4,4,145,88,8,383,7,13,ANCASH
2019,3,5,4,4,4,11,6,16,5,5,TACNA
2019,1,0,0,0,8,7,0,0,0,2,TUMBES
2021,2,78,62,78,33,104,90,130,78,117,LIMA SUR
2020,8,12,12,28,48,30,16,147,13,21,LIMA
2019,2,5,10,6,15,39,46,5,36,63,LIMA CENTRO
2020,5,76,61,75,31,95,90,126,77,116,LIMA SUR
2021,11,73,48,46,9,73,81,81,80,74,LIMA ESTE
2019,7,18,18,19,26,252,18,121,18,50,PASCO
2018,6,0,0,0,8,5,0,0,0,0,TUMBES
2018,2,0,0,0,29,62,0,33,0,0,LAMBAYEQUE
2021,5,41,41,74,108,271,54,366,41,136,APURIMAC
2020,1,22,23,22,165,29,22,49,23,25,CUSCO
2018,5,0,0,2,34,31,0,190,0,18,HUANUCO
2019,9,32,2,38,60,42,38,49,38,3,HUANCAVELICA
2021,12,39,35,82,131,295,46,427,40,122,PUNO
2021,11,29,28,43,71,144,33,172,29,33,LAMBAYEQUE
2018,2,0,0,0,0,43,0,72,0,70,LIMA ESTE
2020,10,47,48,50,27,54,55,50,49,64,LIMA CENTRO
2022,1,12,12,28,69,31,23,220,14,25,LIMA
2018,7,0,0,0,46,68,0,85,0,0,LAMBAYEQUE
2019,5,3,0,5,84,221,4,291,3,52,PUNO
2020,5,37,27,38,67,44,38,117,38,27,HUANCAVELICA
2018,1,0,0,0,1,6,0,0,0,34,CALLAO
2019,2,3,5,6,141,394,14,3,14,19,PIURA
2021,4,12,12,28,60,30,17,157,14,21,LIMA
2018,8,0,0,0,4,4,0,67,0,0,MADRE DE DIOS
2020,7,53,43,73,71,77,53,257,53,54,LA LIBERTAD
2019,9,29,11,30,167,93,30,387,29,31,ANCASH
2019,4,3,1,0,6,25,6,16,5,20,MOQUEGUA
2019,2,5,1,1,17,147,7,231,5,41,AREQUIPA
2019,9,10,8,11,33,21,16,13,11,4,UCAYALI
2020,9,28,27,94,28,252,32,138,28,77,PASCO
2021,8,7,8,13,21,13,40,7,10,8,TUMBES
2019,11,57,26,43,29,85,70,123,57,115,LIMA SUR
2019,8,81,11,30,21,87,92,96,88,95,LIMA NORTE
2021,2,37,34,65,198,123,38,394,37,40,ANCASH
2019,1,67,12,3,1,51,72,72,70,72,LIMA ESTE
2020,8,29,27,34,64,127,33,162,29,32,LAMBAYEQUE
2018,10,0,0,0,57,19,0,1,0,0,HUANCAVELICA
2021,8,41,41,77,113,275,54,368,41,141,APURIMAC
2018,8,0,0,3,37,32,0,202,0,20,HUANUCO
2020,12,24,23,26,179,34,24,58,24,26,CUSCO
2020,3,24,27,28,50,28,29,36,27,29,AMAZONAS
2018,5,0,0,0,69,53,0,365,0,0,ANCASH
2021,9,49,46,57,99,81,57,109,50,50,AYACUCHO
2021,2,29,27,36,69,135,33,163,29,32,LAMBAYEQUE
2018,11,62,3,2,1,51,69,72,65,72,LIMA ESTE
2021,2,38,27,38,69,50,43,125,43,27,HUANCAVELICA
2020,9,70,47,46,7,73,78,78,76,72,LIMA ESTE
2021,11,12,12,28,69,31,23,206,14,21,LIMA
2020,7,47,46,107,20,131,49,81,48,76,ICA
2020,7,47,52,48,31,60,57,161,56,291,JUNIN
2019,2,31,6,5,11,85,84,44,71,95,LIMA NORTE
2021,10,5,5,5,13,12,6,71,5,5,MADRE DE DIOS
2019,4,29,29,30,59,39,30,218,30,53,HUANUCO
2019,5,22,4,33,25,48,35,155,27,36,LA LIBERTAD
2019,1,2,2,2,25,14,2,3,2,6,LORETO
2020,4,41,41,67,100,245,54,352,41,113,APURIMAC
2020,4,27,27,92,28,252,29,138,27,68,PASCO
2019,6,42,23,25,23,71,64,112,42,114,LIMA SUR
2021,5,7,8,13,19,13,40,7,10,8,TUMBES
2018,6,4,6,5,8,26,11,4,10,63,LIMA CENTRO
2019,8,18,18,20,26,252,18,122,18,54,PASCO
2021,2,101,81,87,33,94,105,104,105,98,LIMA NORTE
2018,9,0,0,0,8,5,0,0,0,0,TUMBES
2020,10,77,62,75,32,101,90,129,78,117,LIMA SUR
2021,5,53,43,73,98,78,53,272,53,54,LA LIBERTAD
2019,10,3,2,3,8,7,3,69,3,2,MADRE DE DIOS
2018,11,5,1,0,16,126,6,228,5,23,AREQUIPA
2021,12,10,10,12,8,16,15,36,11,12,TACNA
2021,4,48,46,56,73,79,57,96,49,50,AYACUCHO
2019,12,3,3,3,8,10,3,69,3,4,MADRE DE DIOS
2021,3,53,43,73,96,78,53,270,53,54,LA LIBERTAD
2020,9,7,8,11,18,13,40,7,10,8,TUMBES
2018,10,20,15,10,21,61,26,108,21,112,LIMA SUR
2021,4,101,81,87,34,94,105,104,105,98,LIMA NORTE
2021,8,29,27,117,36,252,32,202,29,136,PASCO
2019,10,23,11,39,95,227,23,330,23,93,APURIMAC
2018,1,0,0,0,24,10,0,0,0,10,AMAZONAS
2020,10,41,41,47,100,47,42,247,42,102,HUANUCO
2019,12,36,37,42,89,45,37,239,37,93,HUANUCO
2021,8,24,23,26,195,35,25,73,24,26,CUSCO
2019,9,2,3,9,30,18,12,3,8,12,LORETO
2021,7,24,27,28,59,28,29,37,27,31,AMAZONAS
2020,12,41,41,71,102,269,54,357,41,124,APURIMAC
2021,8,101,81,87,39,94,108,105,105,98,LIMA NORTE
2019,6,32,29,33,17,37,32,48,32,48,JUNIN
2019,6,40,4,89,17,117,42,50,41,63,ICA
2021,6,53,43,73,98,78,53,273,53,55,LA LIBERTAD
2021,10,39,35,82,130,295,46,425,40,122,PUNO
2021,1,101,81,87,33,94,105,104,105,98,LIMA NORTE
2019,9,3,1,3,7,7,3,69,3,2,MADRE DE DIOS
2018,1,0,0,0,10,25,0,14,0,20,JUNIN
2022,1,102,81,87,44,94,109,107,107,98,LIMA NORTE
2020,8,48,45,54,41,76,52,72,48,50,AYACUCHO
2018,1,0,0,0,9,49,0,1,0,21,ICA
2018,10,3,2,1,4,11,5,13,5,3,TACNA
2021,11,13,14,38,10,55,14,28,15,22,MOQUEGUA
2021,6,15,13,16,41,22,21,30,17,16,UCAYALI
2020,6,29,27,34,64,118,33,162,29,32,LAMBAYEQUE
2018,4,0,0,0,53,17,0,1,0,0,HUANCAVELICA
2019,2,3,1,0,6,22,6,16,5,19,MOQUEGUA
2019,4,6,1,2,21,171,7,238,6,76,AREQUIPA
2019,9,37,7,37,36,53,37,208,37,42,LA LIBERTAD
2019,2,7,4,3,119,84,8,380,7,11,ANCASH
2021,6,5,5,5,13,12,6,70,5,5,MADRE DE DIOS
2018,3,0,0,0,59,19,0,0,0,7,CUSCO
2018,7,0,2,2,89,29,1,0,3,14,CAJAMARCA
2020,7,41,41,46,98,46,42,246,42,101,HUANUCO
2020,2,14,17,27,34,28,24,15,19,20,LORETO
2019,7,19,4,19,88,219,19,288,19,70,APURIMAC
2018,12,0,0,0,35,15,0,0,0,12,AMAZONAS
2019,6,7,5,8,5,13,8,22,7,7,TACNA
2018,4,0,0,0,9,67,0,6,0,91,LIMA NORTE
2018,3,0,0,0,7,30,0,2,0,3,LA LIBERTAD
2019,6,16,10,21,26,50,26,22,21,23,AYACUCHO
2020,12,5,5,5,10,12,6,69,5,5,MADRE DE DIOS
2020,1,10,1,10,6,15,10,44,10,44,CALLAO
2020,6,99,79,87,33,94,105,104,104,97,LIMA NORTE
2019,4,1,1,1,22,19,1,124,1,12,LIMA
2020,1,53,43,54,65,70,53,240,53,54,LA LIBERTAD
2021,2,54,54,147,196,425,66,83,60,69,PIURA
2021,3,41,41,72,106,270,54,360,41,130,APURIMAC
2018,3,0,0,1,30,31,0,168,0,17,HUANUCO
2018,6,2,2,2,22,7,2,2,2,5,LORETO
2020,8,24,27,28,50,28,29,36,27,30,AMAZONAS
2020,7,24,23,26,166,31,24,56,24,26,CUSCO
2020,1,36,30,46,40,66,41,65,37,42,AYACUCHO
2018,8,0,0,0,12,27,2,17,0,22,JUNIN
2018,8,0,0,1,13,63,0,1,0,37,ICA
2021,11,41,42,50,112,48,43,274,43,103,HUANUCO
2018,11,0,0,0,64,122,0,133,0,36,APURIMAC
2018,6,0,0,0,54,17,0,1,0,0,HUANCAVELICA
2020,4,29,27,34,64,111,33,162,29,32,LAMBAYEQUE
2018,12,0,0,0,53,74,0,101,0,1,LAMBAYEQUE
2021,5,72,47,46,9,73,81,79,80,72,LIMA ESTE
2019,12,26,26,99,29,181,32,249,26,100,AREQUIPA
2019,10,11,8,18,7,31,14,22,13,21,MOQUEGUA
2019,7,7,8,6,31,20,15,8,10,4,UCAYALI
2022,1,25,27,28,67,32,29,41,27,31,AMAZONAS
2020,12,10,10,12,6,16,15,29,10,12,TACNA
2020,2,13,14,24,9,34,14,24,15,22,MOQUEGUA
2020,4,67,63,111,29,185,79,255,71,111,AREQUIPA
2018,9,0,0,0,17,35,0,2,0,4,LA LIBERTAD
2021,1,29,27,101,33,252,32,151,29,89,PASCO
2020,6,5,5,5,8,12,5,69,5,5,MADRE DE DIOS
2018,3,5,3,1,13,53,5,106,6,108,LIMA SUR
2020,11,53,43,73,87,77,53,263,53,54,LA LIBERTAD
2018,4,0,0,0,4,4,0,65,0,0,MADRE DE DIOS
2020,12,100,80,87,33,94,105,104,105,98,LIMA NORTE
2019,11,7,6,12,6,13,9,26,7,12,TACNA
2021,2,47,46,113,23,135,52,88,52,78,ICA
2021,2,48,52,48,35,64,59,190,56,297,JUNIN
2021,7,30,28,32,85,45,33,81,33,27,SAN MARTIN
2019,11,26,21,41,37,61,36,43,31,38,AYACUCHO
2018,11,0,0,0,19,14,0,0,0,1,UCAYALI
2018,6,0,0,0,3,17,0,13,0,11,MOQUEGUA
2018,10,0,0,0,50,116,0,228,0,23,PUNO
2021,1,53,43,73,92,78,53,264,53,54,LA LIBERTAD
2021,6,101,81,87,34,94,106,104,105,98,LIMA NORTE
2021,6,14,17,32,46,32,26,15,20,23,LORETO
2021,3,41,41,48,103,48,42,263,42,103,HUANUCO
2019,7,17,21,16,130,27,22,27,23,16,CUSCO
2019,8,17,5,24,45,23,23,21,21,20,AMAZONAS
2018,3,0,0,0,56,100,0,102,0,18,APURIMAC
2020,12,38,27,38,68,49,43,121,43,27,HUANCAVELICA
2021,9,48,52,50,44,64,59,224,56,304,JUNIN
2021,7,72,48,46,9,73,81,80,80,73,LIMA ESTE
2021,9,47,46,128,27,138,52,95,52,83,ICA
2020,10,41,41,69,100,269,54,355,41,122,APURIMAC
2021,1,24,27,28,53,28,29,36,27,31,AMAZONAS
2019,10,34,34,37,81,44,35,229,35,80,HUANUCO
2018,7,0,0,0,19,37,1,0,0,0,AYACUCHO
2020,5,10,10,12,6,14,11,26,10,12,TACNA
2022,1,5,5,5,13,12,6,71,5,5,MADRE DE DIOS
2019,9,84,11,37,21,89,94,96,91,95,LIMA NORTE
2021,1,5,5,5,11,12,6,69,5,5,MADRE DE DIOS
2020,2,31,28,45,186,107,32,393,31,37,ANCASH
2021,2,10,10,12,7,16,15,29,11,12,TACNA
2019,7,37,5,37,31,49,37,185,37,40,LA LIBERTAD
2021,8,5,5,5,13,12,6,71,5,5,MADRE DE DIOS
2021,11,69,63,139,39,194,80,257,72,130,AREQUIPA
2018,11,3,1,0,5,19,6,16,5,15,MOQUEGUA
2018,6,0,0,0,18,13,0,0,0,0,UCAYALI
2019,11,43,10,45,55,57,45,220,45,51,LA LIBERTAD
2021,4,5,5,5,11,12,6,70,5,5,MADRE DE DIOS
2019,12,97,73,80,29,94,103,103,103,96,LIMA NORTE
2020,8,10,2,10,8,16,10,46,10,44,CALLAO
2021,11,57,55,165,214,425,68,100,64,72,PIURA
2021,9,10,10,12,8,16,15,32,11,12,TACNA
2020,12,53,54,140,196,425,65,82,60,67,PIURA
2018,10,0,0,0,21,17,0,113,0,11,LIMA
2021,1,48,45,56,70,78,53,87,48,50,AYACUCHO
2019,8,32,29,33,22,40,32,53,32,59,JUNIN
2019,8,40,6,92,17,120,42,52,41,65,ICA
2018,8,0,0,0,75,20,0,0,0,8,CUSCO
2018,7,0,0,0,29,12,0,0,0,11,AMAZONAS
2020,12,41,41,47,102,48,42,259,42,102,HUANUCO
2019,12,27,27,50,97,232,29,343,27,101,APURIMAC
2020,9,14,17,29,37,30,26,15,20,20,LORETO
2018,8,0,0,0,3,7,0,0,0,39,CALLAO
2021,2,5,5,5,11,12,6,69,5,5,MADRE DE DIOS
2019,11,47,18,103,179,424,55,70,53,50,PIURA
2019,10,93,12,47,23,89,100,98,99,96,LIMA NORTE
2018,1,0,0,0,11,15,0,108,0,10,LIMA
2021,4,10,2,10,11,16,10,46,10,44,CALLAO
2020,7,53,53,126,192,425,61,80,59,64,PIURA
2021,10,101,81,87,41,94,108,106,105,98,LIMA NORTE
2019,2,0,0,0,4,4,0,69,0,1,MADRE DE DIOS
2021,5,13,14,35,9,54,14,27,15,22,MOQUEGUA
2021,8,15,13,18,46,22,21,36,19,16,UCAYALI
2021,3,68,63,126,33,191,80,256,71,121,AREQUIPA
2018,3,0,0,1,3,6,0,12,0,2,TACNA
2022,1,69,63,141,40,199,80,257,72,132,AREQUIPA
2018,4,0,0,1,10,57,0,1,0,26,ICA
2018,4,0,0,0,11,25,0,17,0,21,JUNIN
2018,1,0,0,0,0,42,0,72,0,70,LIMA ESTE
2021,8,29,28,36,70,139,33,169,29,32,LAMBAYEQUE
2019,10,34,2,38,62,43,38,64,38,4,HUANCAVELICA
2020,12,77,62,75,32,103,90,130,78,117,LIMA SUR
2021,4,10,10,12,7,16,15,29,11,12,TACNA
2020,3,70,47,46,7,67,78,77,76,72,LIMA ESTE
2019,10,20,15,20,64,89,20,131,20,26,LAMBAYEQUE
2021,8,39,27,38,79,52,43,167,43,27,HUANCAVELICA
2020,9,13,14,29,9,51,14,25,15,22,MOQUEGUA
2018,8,4,8,5,12,30,23,4,19,63,LIMA CENTRO
2020,4,14,13,12,38,22,17,25,16,13,UCAYALI
2020,5,37,34,79,113,293,44,401,38,117,PUNO
2021,9,72,48,46,9,73,81,80,80,74,LIMA ESTE
2020,2,37,27,38,67,44,38,107,38,27,HUANCAVELICA
2021,7,53,43,73,101,78,53,274,53,55,LA LIBERTAD
2019,8,3,1,3,6,7,3,69,3,2,MADRE DE DIOS
2020,10,37,34,80,116,294,44,402,38,120,PUNO
2020,10,53,54,135,195,425,65,80,60,67,PIURA
2018,12,1,1,0,21,17,1,116,1,11,LIMA
2021,9,10,3,10,17,17,10,46,10,44,CALLAO
2018,5,0,0,0,59,106,0,103,0,20,APURIMAC
2021,5,41,41,48,104,48,42,264,42,103,HUANUCO
2019,1,0,1,1,93,23,0,8,1,10,CUSCO
2018,1,0,0,0,27,94,0,158,0,2,PUNO
2019,1,1,1,4,22,204,3,1,3,24,PASCO
2018,8,16,0,0,10,77,37,33,22,93,LIMA NORTE
2020,3,66,56,70,31,95,78,126,67,116,LIMA SUR
2019,6,70,15,4,4,52,73,73,71,72,LIMA ESTE
2018,2,3,3,3,6,22,3,3,3,61,LIMA CENTRO
2021,6,39,35,82,125,295,45,411,39,121,PUNO
2020,4,37,34,56,186,118,38,394,37,38,ANCASH
2019,3,0,0,2,54,82,0,111,0,6,LAMBAYEQUE
2021,1,38,27,38,68,50,43,122,43,27,HUANCAVELICA
2020,10,71,47,46,8,73,78,78,76,72,LIMA ESTE
2020,9,14,13,13,38,22,18,25,16,14,UCAYALI
2020,4,13,14,24,9,38,14,25,15,22,MOQUEGUA
2020,2,42,40,107,29,184,46,253,43,106,AREQUIPA
2018,8,0,0,0,55,17,0,1,0,0,HUANCAVELICA
2020,10,29,27,35,67,131,33,162,29,32,LAMBAYEQUE
2018,7,0,0,0,3,7,0,0,0,39,CALLAO
2021,2,12,12,28,60,30,16,157,13,21,LIMA
2019,3,70,12,3,2,52,73,73,71,72,LIMA ESTE
2019,4,3,5,12,144,415,20,3,20,20,PIURA
2021,10,49,48,50,32,54,56,66,50,64,LIMA CENTRO
2019,12,7,7,7,17,11,40,7,9,8,TUMBES
2020,5,12,12,28,47,29,14,147,13,20,LIMA
2018,3,0,0,0,61,361,0,0,0,3,PIURA
2021,7,48,52,49,39,64,59,210,56,298,JUNIN
2021,7,47,46,118,26,135,52,94,52,81,ICA
2021,12,29,28,43,71,145,33,172,29,33,LAMBAYEQUE
2018,12,0,0,0,56,119,0,230,0,29,PUNO
2018,5,0,0,0,1,47,0,72,0,71,LIMA ESTE
2021,4,55,54,153,198,425,67,84,60,70,PIURA
2019,2,1,1,1,21,17,1,120,1,11,LIMA
2020,12,29,27,35,69,135,33,162,29,32,LAMBAYEQUE
2019,5,70,12,4,3,52,73,73,71,72,LIMA ESTE
2020,7,10,2,10,8,16,10,46,10,44,CALLAO
2019,11,10,1,10,5,11,10,40,10,44,CALLAO
2022,1,37,34,66,222,124,39,396,37,42,ANCASH
2018,8,0,0,0,85,376,0,0,0,6,PIURA
2018,9,1,2,2,90,33,1,1,3,14,CAJAMARCA
2020,12,37,34,60,197,123,38,394,37,40,ANCASH
2021,12,78,62,80,36,105,91,132,78,117,LIMA SUR
2019,11,36,2,38,66,44,38,69,38,11,HUANCAVELICA
2021,9,29,28,42,70,140,33,169,29,32,LAMBAYEQUE
2020,11,47,52,48,32,64,59,174,56,295,JUNIN
2020,11,47,46,111,21,134,52,84,51,78,ICA
2018,2,0,0,0,16,34,0,0,0,0,AYACUCHO
2018,12,2,1,1,50,9,7,26,7,1,SAN MARTIN
2020,10,10,10,12,6,15,15,27,10,12,TACNA
2020,7,37,34,56,186,121,38,394,37,38,ANCASH
2021,2,39,35,82,122,294,45,403,39,121,PUNO
2019,2,3,1,5,22,236,3,27,3,28,PASCO
2019,10,14,7,11,136,43,17,24,18,28,CAJAMARCA
2018,3,0,0,0,8,3,0,0,0,0,TUMBES
2018,6,0,0,0,43,67,0,80,0,0,LAMBAYEQUE
2020,4,37,27,38,67,44,38,117,38,27,HUANCAVELICA
2018,5,0,0,0,29,104,0,220,0,15,PUNO
2020,3,12,12,28,46,29,14,147,13,20,LIMA
2019,6,0,0,1,5,8,0,2,0,41,CALLAO
2018,5,0,0,0,73,368,0,0,0,3,PIURA
2020,9,53,53,131,195,425,61,80,59,67,PIURA
2021,10,10,3,10,19,17,10,46,10,44,CALLAO
2021,9,31,28,32,89,45,33,84,33,27,SAN MARTIN
2019,12,37,27,38,66,44,38,84,38,27,HUANCAVELICA
2018,12,26,16,10,21,63,48,108,26,113,LIMA SUR
2018,7,15,0,0,1,48,21,72,22,72,LIMA ESTE
2020,11,68,63,118,30,190,79,256,71,112,AREQUIPA
2019,9,25,4,32,104,280,26,366,26,74,PUNO
2020,5,22,24,27,151,47,23,95,25,30,CAJAMARCA
2020,5,99,79,87,33,94,104,103,104,97,LIMA NORTE
2018,11,0,0,1,115,59,0,377,0,7,ANCASH
2020,2,53,43,68,69,75,53,250,53,54,LA LIBERTAD
2019,10,22,22,22,27,252,22,130,22,58,PASCO
2018,11,0,0,0,8,6,0,0,0,0,TUMBES
2020,8,76,61,75,31,101,90,127,77,117,LIMA SUR
2018,7,0,0,0,12,27,2,17,0,21,JUNIN
2018,7,0,0,1,13,61,0,1,0,36,ICA
2021,3,7,8,13,18,13,40,7,10,8,TUMBES
2020,2,27,27,92,28,252,29,137,27,64,PASCO
2021,12,16,13,21,47,23,21,59,19,16,UCAYALI
2021,1,13,14,34,9,54,14,25,15,22,MOQUEGUA
2021,3,29,28,31,83,45,33,80,33,27,SAN MARTIN
2021,7,69,63,129,37,192,80,257,72,123,AREQUIPA
2021,7,10,3,10,13,17,10,46,10,44,CALLAO
2018,2,0,0,0,11,15,0,108,0,10,LIMA
2019,4,70,12,4,3,52,73,73,71,72,LIMA ESTE
2020,4,53,53,121,191,425,61,80,59,64,PIURA
2020,2,3,3,4,8,10,3,69,3,4,MADRE DE DIOS
2018,10,21,0,0,10,84,74,33,53,94,LIMA NORTE
2020,3,37,34,79,113,292,44,399,38,114,PUNO
2018,3,0,0,0,25,10,0,0,0,10,AMAZONAS
2018,12,0,1,1,92,21,0,8,1,8,CUSCO
2019,8,19,4,22,89,220,20,299,19,76,APURIMAC
2020,6,47,48,50,26,54,55,50,49,64,LIMA CENTRO
2020,8,41,41,46,99,46,42,246,42,102,HUANUCO
2019,11,32,29,34,26,45,33,85,33,198,JUNIN
2021,2,48,45,56,71,79,56,90,48,50,AYACUCHO
2019,11,42,14,96,19,123,44,54,44,70,ICA
2018,11,2,1,1,50,9,7,26,7,1,SAN MARTIN
2018,3,0,0,0,45,52,0,330,0,0,ANCASH
2020,7,5,5,5,8,12,5,69,5,5,MADRE DE DIOS
2019,3,28,20,10,21,67,55,111,28,114,LIMA SUR
2020,1,27,27,74,28,252,28,134,27,64,PASCO
2018,8,0,0,0,16,33,0,2,0,4,LA LIBERTAD
2021,8,56,55,159,208,425,68,90,64,72,PIURA
2020,11,10,2,10,10,16,10,46,10,44,CALLAO
2018,5,0,0,1,3,6,0,12,0,2,TACNA
2022,1,57,55,166,214,425,68,103,64,72,PIURA
2018,8,0,0,0,97,56,0,373,0,2,ANCASH
2021,7,22,24,29,174,53,23,250,25,31,CAJAMARCA
2021,9,25,27,28,62,30,29,41,27,31,AMAZONAS
2019,2,15,15,18,45,34,16,211,16,39,HUANUCO
2021,10,39,27,38,81,53,43,174,43,27,HUANCAVELICA
2019,8,20,15,20,61,87,20,122,20,23,LAMBAYEQUE
2020,2,32,32,62,99,233,36,351,32,110,APURIMAC
2020,1,70,47,44,7,65,78,77,76,72,LIMA ESTE
2021,6,24,23,26,189,34,25,67,24,26,CUSCO
2019,7,2,3,6,28,18,12,3,8,9,LORETO
2020,12,7,8,12,18,13,40,7,10,8,TUMBES
2020,5,41,41,45,95,46,42,246,42,100,HUANUCO
2018,1,0,0,0,57,18,0,0,0,6,CUSCO
2019,5,4,0,14,81,160,12,177,4,65,APURIMAC
2019,12,14,16,22,34,26,23,15,19,19,LORETO
2020,9,41,41,68,100,266,54,354,41,120,APURIMAC
2019,9,34,34,36,75,44,35,226,35,76,HUANUCO
2020,1,24,24,23,73,37,28,76,26,23,SAN MARTIN
2021,2,24,27,28,53,28,29,36,27,31,AMAZONAS
2018,6,0,0,0,73,371,0,0,0,3,PIURA
2020,8,28,28,30,76,42,31,78,31,27,SAN MARTIN
2019,5,0,0,1,5,8,0,2,0,41,CALLAO
2021,11,23,24,31,194,55,24,348,25,32,CAJAMARCA
2020,10,24,23,26,173,33,24,56,24,26,CUSCO
2018,11,2,2,2,25,10,2,3,2,5,LORETO
2020,5,24,27,28,50,28,29,36,27,29,AMAZONAS
2018,9,0,0,0,46,115,0,227,0,22,PUNO
2020,4,22,24,27,151,46,23,95,25,30,CAJAMARCA
2018,4,0,0,0,10,102,0,223,0,15,AREQUIPA
2018,2,0,0,0,3,16,0,4,0,4,MOQUEGUA
2022,1,48,52,50,67,66,59,256,56,306,JUNIN
2022,1,47,46,129,31,138,53,106,52,83,ICA
2021,12,15,17,32,49,32,26,20,20,23,LORETO
2021,9,41,42,50,111,48,43,271,43,103,HUANUCO
2020,7,28,28,30,76,42,31,78,31,27,SAN MARTIN
2019,2,0,0,0,37,16,0,0,0,13,AMAZONAS
2018,9,0,0,0,64,117,0,122,0,24,APURIMAC
2019,8,7,5,9,6,13,8,23,7,10,TACNA
2021,5,29,27,104,36,252,32,177,29,107,PASCO
2020,4,7,8,9,17,13,40,7,10,8,TUMBES
2018,7,0,0,0,46,8,0,26,0,0,SAN MARTIN
2018,7,7,6,2,17,55,16,107,8,112,LIMA SUR
2020,8,47,46,109,20,132,49,81,48,77,ICA
2020,8,47,52,48,31,62,57,165,56,291,JUNIN
2018,1,0,0,0,15,34,0,0,0,0,AYACUCHO
2022,1,23,24,32,201,55,24,372,25,34,CAJAMARCA
2020,2,25,24,23,75,37,28,76,27,26,SAN MARTIN
2019,3,0,0,0,20,20,2,0,1,1,UCAYALI
2019,8,22,5,11,27,176,30,249,22,90,AREQUIPA
2019,12,53,43,52,65,64,53,225,53,54,LA LIBERTAD
2019,8,0,0,1,5,8,0,2,0,43,CALLAO
2018,11,0,2,1,117,385,10,0,8,10,PIURA
2019,11,96,12,62,25,94,103,100,102,96,LIMA NORTE
2021,3,5,5,5,11,12,6,69,5,5,MADRE DE DIOS
2019,1,1,4,2,100,34,4,1,5,18,CAJAMARCA
2018,12,3,2,0,14,27,6,17,4,30,JUNIN
2020,5,48,45,54,40,74,52,71,48,50,AYACUCHO
2018,12,1,0,1,16,80,17,1,16,47,ICA
2018,1,0,0,0,70,25,0,0,0,13,CAJAMARCA
2020,3,24,23,26,165,30,24,51,24,26,CUSCO
2018,2,0,0,0,20,5,0,0,0,5,LORETO
2020,12,24,27,28,52,28,29,36,27,31,AMAZONAS
2021,7,41,41,76,109,274,54,367,41,140,APURIMAC
2022,1,10,10,12,8,16,15,36,11,12,TACNA
2018,7,0,0,3,36,32,0,200,0,20,HUANUCO
2021,4,48,52,48,35,64,59,196,56,297,JUNIN
2021,4,47,46,113,24,135,52,92,52,79,ICA
2021,11,48,52,50,62,66,59,238,56,306,JUNIN
2019,2,1,1,5,23,42,8,4,5,4,AYACUCHO
2021,11,47,46,128,28,138,52,99,52,83,ICA
2019,5,7,4,6,4,11,8,17,7,7,TACNA
2018,4,0,0,0,1,7,0,0,0,38,CALLAO
2019,7,35,8,53,167,424,45,39,43,33,PIURA
2021,1,12,12,28,60,30,16,157,13,21,LIMA
2020,9,47,48,50,27,54,55,50,49,64,LIMA CENTRO
2019,7,12,9,9,65,19,15,47,15,5,SAN MARTIN
2019,6,22,8,20,152,90,25,384,22,22,ANCASH
2021,5,29,28,32,84,45,33,80,33,27,SAN MARTIN
2019,12,12,13,12,37,22,17,17,14,12,UCAYALI
2019,1,3,1,0,6,21,6,16,5,18,MOQUEGUA
2019,7,22,5,9,26,174,30,247,22,88,AREQUIPA
2018,6,0,0,0,4,4,0,67,0,0,MADRE DE DIOS
2019,9,18,21,20,147,27,22,31,23,17,CUSCO
2021,8,14,17,32,46,32,26,19,20,23,LORETO
2019,6,15,2,18,41,23,23,18,19,19,AMAZONAS
2020,9,53,43,73,75,77,53,260,53,54,LA LIBERTAD
2021,9,69,63,131,38,193,80,257,72,128,AREQUIPA
2019,2,1,4,2,101,34,4,1,5,19,CAJAMARCA
2021,2,14,13,15,40,22,19,28,17,15,UCAYALI
2018,9,0,0,1,4,10,0,12,0,3,TACNA
2018,10,7,7,4,38,32,8,206,7,21,HUANUCO
2020,1,24,24,25,50,24,24,36,24,27,AMAZONAS
2021,10,41,41,82,114,276,54,368,41,159,APURIMAC
2018,6,0,0,0,60,108,0,103,0,22,APURIMAC
2021,3,14,17,32,44,32,26,15,20,23,LORETO
2021,6,41,41,48,104,48,42,266,42,103,HUANUCO
2019,2,0,1,1,95,23,0,8,1,10,CUSCO
2021,12,49,46,59,138,81,57,121,50,50,AYACUCHO
2020,10,22,24,28,155,48,23,99,25,30,CAJAMARCA
2019,5,34,4,76,17,113,42,47,35,63,ICA
2019,5,10,7,25,15,34,21,30,16,47,JUNIN
2020,1,36,37,42,89,46,38,240,37,97,HUANUCO
2019,12,45,48,48,24,53,49,47,48,64,LIMA CENTRO
2020,4,14,17,28,34,29,26,15,20,20,LORETO
2019,1,0,0,0,71,128,0,135,0,48,APURIMAC
2018,5,0,0,0,68,19,0,0,0,7,CUSCO
2018,10,0,0,0,33,14,0,0,0,12,AMAZONAS
2018,3,3,3,3,6,24,3,3,3,62,LIMA CENTRO
2020,6,37,34,79,113,293,44,401,38,118,PUNO
2018,12,0,0,0,4,4,0,68,0,1,MADRE DE DIOS
2022,1,10,3,10,29,17,10,46,10,44,CALLAO
2019,11,30,13,37,181,95,32,389,30,35,ANCASH
2020,3,53,43,73,70,76,53,256,53,54,LA LIBERTAD
2020,4,99,79,87,33,94,104,103,104,97,LIMA NORTE
2019,3,2,2,3,26,18,2,3,2,7,LORETO
2019,6,33,33,34,68,42,34,224,34,65,HUANUCO
2021,2,24,23,26,181,34,24,62,24,26,CUSCO
2020,6,41,41,67,100,260,54,354,41,115,APURIMAC
2021,7,10,10,12,7,16,15,29,11,12,TACNA
2022,1,41,41,83,117,278,54,370,41,162,APURIMAC
2019,9,8,12,14,21,45,47,8,41,64,LIMA CENTRO
2018,1,0,0,1,3,6,0,11,0,1,TACNA
2018,5,0,2,2,87,28,1,0,3,14,CAJAMARCA
2018,8,0,0,0,13,116,0,227,0,21,AREQUIPA
2018,3,0,0,0,14,13,0,0,0,0,UCAYALI
2019,6,6,11,9,18,41,47,6,39,63,LIMA CENTRO
2018,7,0,0,0,91,56,0,372,0,1,ANCASH
2019,7,33,33,35,69,42,34,224,34,66,HUANUCO
2020,7,41,41,67,100,261,54,354,41,116,APURIMAC
2021,12,25,27,28,67,31,29,41,27,31,AMAZONAS
2019,2,2,2,3,25,14,2,3,2,6,LORETO
2021,3,24,23,26,181,34,25,63,24,26,CUSCO
2020,3,47,45,105,20,129,49,81,48,75,ICA
2021,6,49,48,50,29,54,56,64,50,64,LIMA CENTRO
2020,3,47,52,48,31,59,57,128,56,275,JUNIN
2018,10,0,1,1,21,40,7,0,5,0,AYACUCHO
2020,7,37,34,79,115,293,44,401,38,118,PUNO
2018,3,0,0,0,31,6,0,24,0,0,SAN MARTIN
2019,3,5,11,8,16,40,46,5,36,63,LIMA CENTRO
2021,8,12,12,28,65,31,23,160,14,21,LIMA
2019,4,25,2,62,17,111,39,32,32,61,ICA
2019,4,4,2,1,14,34,6,28,4,43,JUNIN
2021,10,10,10,12,8,16,15,34,11,12,TACNA
2018,1,0,0,0,50,16,0,1,0,0,HUANCAVELICA
2018,11,10,9,7,38,32,10,206,10,25,HUANUCO
2021,11,41,41,82,115,277,54,369,41,160,APURIMAC
2020,3,29,27,34,64,108,33,162,29,32,LAMBAYEQUE
2019,10,70,16,11,7,53,76,73,74,72,LIMA ESTE
2021,9,37,34,65,216,124,39,396,37,42,ANCASH
2021,3,14,13,16,40,22,19,28,17,16,UCAYALI
2021,8,69,63,129,37,192,80,257,72,127,AREQUIPA
2021,12,7,8,13,22,13,40,7,10,8,TUMBES
2021,12,50,48,50,32,54,58,67,51,64,LIMA CENTRO
2021,5,49,48,50,29,54,56,64,50,64,LIMA CENTRO
2019,6,21,3,5,25,173,27,247,21,85,AREQUIPA
2019,8,12,9,9,68,23,15,53,15,5,SAN MARTIN
2020,6,10,10,12,6,15,11,26,10,12,TACNA
2020,9,29,28,30,76,42,32,78,32,27,SAN MARTIN
2018,5,0,0,0,2,7,0,0,0,39,CALLAO
2019,6,29,8,45,158,417,43,32,40,31,PIURA
2018,4,3,4,3,6,26,4,3,4,62,LIMA CENTRO
2019,6,19,2,21,89,272,22,318,20,57,PUNO
2019,3,1,2,6,23,45,8,6,5,6,AYACUCHO
2021,10,48,52,50,50,65,59,231,56,306,JUNIN
2021,10,47,46,128,27,138,52,95,52,83,ICA
2021,8,39,35,82,130,295,45,425,39,122,PUNO
2020,2,22,23,24,165,29,22,51,23,26,CUSCO
2021,6,41,41,76,108,274,54,366,41,137,APURIMAC
2018,3,0,1,1,20,6,2,0,2,5,LORETO
2018,6,0,0,3,35,32,0,195,0,18,HUANUCO
2019,2,0,0,1,53,82,0,109,0,5,LAMBAYEQUE
2020,11,71,47,46,8,73,78,78,76,72,LIMA ESTE
2021,4,37,34,65,200,124,39,394,37,42,ANCASH
2019,9,0,0,1,5,8,0,4,0,43,CALLAO
2020,12,12,12,28,57,30,16,155,13,21,LIMA
2018,10,0,0,0,109,382,0,0,0,6,PIURA
2019,2,0,0,0,8,8,0,0,0,2,TUMBES
2018,3,0,0,1,18,117,0,0,0,0,PASCO
2021,1,77,62,76,32,103,90,130,78,117,LIMA SUR
2020,2,46,48,49,26,53,49,50,48,64,LIMA CENTRO
2020,12,14,13,13,40,22,19,28,16,14,UCAYALI
2020,1,12,13,24,9,33,14,24,14,22,MOQUEGUA
2020,7,67,63,111,29,189,79,255,71,111,AREQUIPA
2021,2,29,28,31,83,45,33,79,33,27,SAN MARTIN
2018,7,4,7,5,10,27,13,4,11,63,LIMA CENTRO
2020,5,7,8,9,17,13,40,7,10,8,TUMBES
2018,6,5,3,1,15,54,5,106,6,111,LIMA SUR
2021,4,29,27,102,35,252,32,171,29,103,PASCO
2021,1,22,24,28,160,50,23,171,25,31,CAJAMARCA
2020,8,37,34,57,186,122,38,394,37,38,ANCASH
2020,7,47,48,50,26,54,55,50,49,64,LIMA CENTRO
2019,3,0,0,0,37,19,0,0,0,14,AMAZONAS
2018,8,0,0,0,64,116,0,109,0,24,APURIMAC
2019,12,22,23,22,163,28,22,43,23,25,CUSCO
2021,8,41,41,50,110,48,42,271,42,103,HUANUCO
2019,6,7,2,8,26,19,7,131,7,12,LIMA
2020,3,10,2,10,8,15,10,46,10,44,CALLAO
